2025-04-07 20:05:40 DEBUG o.j.logging:164 - Logging Provider: org.jboss.logging.Slf4jLoggerProvider found via system property
2025-04-07 20:05:40 INFO  c.d.r.RestoranApplication:53 - Starting RestoranApplication using Java 17.0.12 with PID 21152 (E:\Restoran\build\classes\java\main started by Тимур in E:\Restoran)
2025-04-07 20:05:40 DEBUG c.d.r.RestoranApplication:54 - Running with Spring Boot v3.4.2, Spring v6.2.2
2025-04-07 20:05:40 INFO  c.d.r.RestoranApplication:652 - No active profile set, falling back to 1 default profile: "default"
2025-04-07 20:05:44 DEBUG c.d.r.s.j.AuthTokenFilter:240 - Filter 'authenticationJwtTokenFilter' configured for use
2025-04-07 20:05:45 DEBUG _.s.w.s.H.Mappings:294 - 
	c.d.r.c.AdminController:
	{GET [/api/admins/{id}]}: findById(long)
	{POST [/api/admins]}: saveAdmin(AdminDTO)
	{GET [/api/admins/chefs/{adminId}]}: saveChefToAdmin(List,Long)
	{GET [/api/admins]}: getAllAdmins()
	{GET [/api/admins/waiters/{adminId}]}: saveWaitersToAdmin(List,Long)
2025-04-07 20:05:45 DEBUG _.s.w.s.H.Mappings:294 - 
	c.d.r.c.ChefController:
	{POST [/api/chef]}: saveChef(ChefDTO)
	{GET [/api/chef/{id}]}: findChefById(Long)
	{GET [/api/chef]}: findAllChefs()
	{GET [/api/chef/waitersIsNull]}: getOrdersWithNullWaiter(Long)
	{GET [/api/chef/{customerOrderId}/{chefId}]}: saveCustomerOrderToChef(Long,Long)
	{GET [/api/chef/chefsIsNull]}: getOrdersWithNullChef(Long)
	{GET [/api/chef/waitersAndChefsNull]}: getOrdersWithNullWaiterAndChef(Long)
2025-04-07 20:05:45 DEBUG _.s.w.s.H.Mappings:294 - 
	c.d.r.c.CustomerController:
	{GET [/api/customers]}: getCustomers()
	{GET [/api/customers/me]}: getCurrentCustomer()
	{POST [/api/customers]}: saveCustomer(CustomerDTO)
	{DELETE [/api/customers/custmerorder/{customerId}/{customerOrderId}]}: removeCustomerOrderFromCustomer(Long,Long)
	{GET [/api/customers/custmerorder/{orderId}/{customerOrderId}]}: saveCustomerOrderToCustomer(Long,Long)
	{GET [/api/customers/getTotalAmount/{customerOrderId}]}: setAllPriceTotalAmount(Long)
2025-04-07 20:05:45 DEBUG _.s.w.s.H.Mappings:294 - 
	c.d.r.c.CustomerOrderController:
	{POST [/api/customerOrders/DTO/1]}: saveCustomerOrder1(CustomerOrderDTO)
	{GET [/api/customerOrders/paidIsTrueId/{customerOrderId}]}: paidIsTrueId(Long)
	{GET [/api/customerOrders/addChefToCustomerOrder{customerOrderId}/addWaiter/{chefId}]}: addChef(Long,Long)
	{POST [/api/customerOrders/DTO]}: saveCustomerOrder(CustomerOrderDTO)
	{GET [/api/customerOrders/addWaiterToCustomerOrder{customerOrderId}/addWaiter/{waiterId}]}: addWaiter(Long,Long)
	{GET [/api/customerOrders/totalAmountCustomerOrder]}: setAllPriceTotalAmount(Long)
	{GET [/api/customerOrders]}: getAllCustomerOrders()
	{GET [/api/customerOrders/customerOrderWithNullWaiter]}: customerOrderWithNullWaiter()
	{GET [/api/customerOrders/customerOrderWithNullChef]}: customerOrderWithNullChef()
	{POST [/api/customerOrders]}: createCustomerOrder(CustomerOrder)
2025-04-07 20:05:45 DEBUG _.s.w.s.H.Mappings:294 - 
	c.d.r.c.DishController:
	{GET [/api/dishes/{id}]}: findDishById(long)
	{GET [/api/dishes]}: getAllDishes()
	{DELETE [/api/dishes/{id}]}: deleteDish(Long)
	{POST [/api/dishes]}: saveDish(DishDTO)
	{GET [/api/dishes/underPrice]}: getDishesUnderPrice(Double)
2025-04-07 20:05:45 DEBUG _.s.w.s.H.Mappings:294 - 
	c.d.r.c.WaiterController:
	{POST [/api/waiter]}: saveWaiter(WaiterDTO)
	{GET [/api/waiter/addToCustomerOrder/{waiterId}/{customerOrderId}]}: addToCustomerOrder(Long,Long)
	{GET [/api/waiter]}: getWaiters()
	{DELETE [/api/waiter/custmerorder/{waiterId}/{customerOrderIds}]}: removeCustomerOrderFromWaiter(Long,Long)
	{GET [/api/waiter/custmerorder/{waiterId}/{customerOrderIds}]}: saveCustomerOrderToWaiter(Long,Long)
2025-04-07 20:05:45 DEBUG _.s.w.s.H.Mappings:294 - 
	c.d.r.s.c.AuthController:
	{POST [/api/auth/signin]}: authenticateUser(LoginRequest)
	{POST [/api/auth/signup]}: registerUser(SignupRequest)
2025-04-07 20:05:45 DEBUG _.s.w.s.H.Mappings:294 - 
	o.s.b.a.w.s.e.BasicErrorController:
	{ [/error]}: error(HttpServletRequest)
	{ [/error], produces [text/html]}: errorHtml(HttpServletRequest,HttpServletResponse)
2025-04-07 20:05:45 DEBUG _.s.w.s.H.Mappings:294 - 
	o.s.w.a.OpenApiWebMvcResource:
	{GET [/v3/api-docs.yaml], produces [application/vnd.oai.openapi]}: openapiYaml(HttpServletRequest,String,Locale)
	{GET [/v3/api-docs], produces [application/json]}: openapiJson(HttpServletRequest,String,Locale)
2025-04-07 20:05:45 DEBUG _.s.w.s.H.Mappings:294 - 
	o.s.w.u.SwaggerWelcomeWebMvc:
	{GET [/swagger-ui.html]}: redirectToUi(HttpServletRequest)
2025-04-07 20:05:45 DEBUG _.s.w.s.H.Mappings:294 - 
	o.s.w.u.SwaggerConfigResource:
	{GET [/v3/api-docs/swagger-config], produces [application/json]}: openapiJson(HttpServletRequest)
2025-04-07 20:05:45 DEBUG _.s.w.s.H.Mappings:86 - 'beanNameHandlerMapping' {}
2025-04-07 20:05:45 DEBUG _.s.w.s.H.Mappings:176 - 'resourceHandlerMapping' {/webjars/**=ResourceHttpRequestHandler [classpath [META-INF/resources/webjars/]], /**=ResourceHttpRequestHandler [classpath [META-INF/resources/], classpath [resources/], classpath [static/], classpath [public/], ServletContext [/]], /swagger-ui*/*swagger-initializer.js=ResourceHttpRequestHandler [classpath [META-INF/resources/webjars/]], /swagger-ui*/**=ResourceHttpRequestHandler [classpath [META-INF/resources/webjars/]]}
2025-04-07 20:05:45 INFO  c.d.r.RestoranApplication:59 - Started RestoranApplication in 5.537 seconds (process running for 6.12)
2025-04-07 20:06:00 DEBUG o.j.logging:164 - Logging Provider: org.jboss.logging.Slf4jLoggerProvider found via system property
2025-04-07 20:06:00 INFO  c.d.r.RestoranApplication:53 - Starting RestoranApplication using Java 17.0.12 with PID 29044 (E:\Restoran\build\classes\java\main started by Тимур in E:\Restoran)
2025-04-07 20:06:00 DEBUG c.d.r.RestoranApplication:54 - Running with Spring Boot v3.4.2, Spring v6.2.2
2025-04-07 20:06:00 INFO  c.d.r.RestoranApplication:652 - No active profile set, falling back to 1 default profile: "default"
2025-04-07 20:06:03 DEBUG c.d.r.s.j.AuthTokenFilter:240 - Filter 'authenticationJwtTokenFilter' configured for use
2025-04-07 20:06:04 DEBUG _.s.w.s.H.Mappings:294 - 
	c.d.r.c.AdminController:
	{GET [/api/admins/{id}]}: findById(long)
	{GET [/api/admins/waiters/{adminId}]}: saveWaitersToAdmin(List,Long)
	{GET [/api/admins/chefs/{adminId}]}: saveChefToAdmin(List,Long)
	{POST [/api/admins]}: saveAdmin(AdminDTO)
	{GET [/api/admins]}: getAllAdmins()
2025-04-07 20:06:04 DEBUG _.s.w.s.H.Mappings:294 - 
	c.d.r.c.ChefController:
	{POST [/api/chef]}: saveChef(ChefDTO)
	{GET [/api/chef]}: findAllChefs()
	{GET [/api/chef/{id}]}: findChefById(Long)
	{GET [/api/chef/waitersAndChefsNull]}: getOrdersWithNullWaiterAndChef(Long)
	{GET [/api/chef/waitersIsNull]}: getOrdersWithNullWaiter(Long)
	{GET [/api/chef/chefsIsNull]}: getOrdersWithNullChef(Long)
	{GET [/api/chef/{customerOrderId}/{chefId}]}: saveCustomerOrderToChef(Long,Long)
2025-04-07 20:06:04 DEBUG _.s.w.s.H.Mappings:294 - 
	c.d.r.c.CustomerController:
	{POST [/api/customers]}: saveCustomer(CustomerDTO)
	{GET [/api/customers]}: getCustomers()
	{GET [/api/customers/me]}: getCurrentCustomer()
	{GET [/api/customers/custmerorder/{orderId}/{customerOrderId}]}: saveCustomerOrderToCustomer(Long,Long)
	{GET [/api/customers/getTotalAmount/{customerOrderId}]}: setAllPriceTotalAmount(Long)
	{DELETE [/api/customers/custmerorder/{customerId}/{customerOrderId}]}: removeCustomerOrderFromCustomer(Long,Long)
2025-04-07 20:06:04 DEBUG _.s.w.s.H.Mappings:294 - 
	c.d.r.c.CustomerOrderController:
	{POST [/api/customerOrders/DTO/1]}: saveCustomerOrder1(CustomerOrderDTO)
	{POST [/api/customerOrders/DTO]}: saveCustomerOrder(CustomerOrderDTO)
	{GET [/api/customerOrders/addChefToCustomerOrder{customerOrderId}/addWaiter/{chefId}]}: addChef(Long,Long)
	{GET [/api/customerOrders/paidIsTrueId/{customerOrderId}]}: paidIsTrueId(Long)
	{GET [/api/customerOrders/addWaiterToCustomerOrder{customerOrderId}/addWaiter/{waiterId}]}: addWaiter(Long,Long)
	{GET [/api/customerOrders/totalAmountCustomerOrder]}: setAllPriceTotalAmount(Long)
	{GET [/api/customerOrders/customerOrderWithNullWaiter]}: customerOrderWithNullWaiter()
	{POST [/api/customerOrders]}: createCustomerOrder(CustomerOrder)
	{GET [/api/customerOrders]}: getAllCustomerOrders()
	{GET [/api/customerOrders/customerOrderWithNullChef]}: customerOrderWithNullChef()
2025-04-07 20:06:04 DEBUG _.s.w.s.H.Mappings:294 - 
	c.d.r.c.DishController:
	{GET [/api/dishes]}: getAllDishes()
	{POST [/api/dishes]}: saveDish(DishDTO)
	{DELETE [/api/dishes/{id}]}: deleteDish(Long)
	{GET [/api/dishes/{id}]}: findDishById(long)
	{GET [/api/dishes/underPrice]}: getDishesUnderPrice(Double)
2025-04-07 20:06:04 DEBUG _.s.w.s.H.Mappings:294 - 
	c.d.r.c.WaiterController:
	{POST [/api/waiter]}: saveWaiter(WaiterDTO)
	{GET [/api/waiter/addToCustomerOrder/{waiterId}/{customerOrderId}]}: addToCustomerOrder(Long,Long)
	{GET [/api/waiter]}: getWaiters()
	{GET [/api/waiter/custmerorder/{waiterId}/{customerOrderIds}]}: saveCustomerOrderToWaiter(Long,Long)
	{DELETE [/api/waiter/custmerorder/{waiterId}/{customerOrderIds}]}: removeCustomerOrderFromWaiter(Long,Long)
2025-04-07 20:06:04 DEBUG _.s.w.s.H.Mappings:294 - 
	c.d.r.s.c.AuthController:
	{POST [/api/auth/signup]}: registerUser(SignupRequest)
	{POST [/api/auth/signin]}: authenticateUser(LoginRequest)
2025-04-07 20:06:04 DEBUG _.s.w.s.H.Mappings:294 - 
	o.s.b.a.w.s.e.BasicErrorController:
	{ [/error]}: error(HttpServletRequest)
	{ [/error], produces [text/html]}: errorHtml(HttpServletRequest,HttpServletResponse)
2025-04-07 20:06:04 DEBUG _.s.w.s.H.Mappings:294 - 
	o.s.w.a.OpenApiWebMvcResource:
	{GET [/v3/api-docs.yaml], produces [application/vnd.oai.openapi]}: openapiYaml(HttpServletRequest,String,Locale)
	{GET [/v3/api-docs], produces [application/json]}: openapiJson(HttpServletRequest,String,Locale)
2025-04-07 20:06:04 DEBUG _.s.w.s.H.Mappings:294 - 
	o.s.w.u.SwaggerWelcomeWebMvc:
	{GET [/swagger-ui.html]}: redirectToUi(HttpServletRequest)
2025-04-07 20:06:04 DEBUG _.s.w.s.H.Mappings:294 - 
	o.s.w.u.SwaggerConfigResource:
	{GET [/v3/api-docs/swagger-config], produces [application/json]}: openapiJson(HttpServletRequest)
2025-04-07 20:06:04 DEBUG _.s.w.s.H.Mappings:86 - 'beanNameHandlerMapping' {}
2025-04-07 20:06:04 DEBUG _.s.w.s.H.Mappings:176 - 'resourceHandlerMapping' {/webjars/**=ResourceHttpRequestHandler [classpath [META-INF/resources/webjars/]], /**=ResourceHttpRequestHandler [classpath [META-INF/resources/], classpath [resources/], classpath [static/], classpath [public/], ServletContext [/]], /swagger-ui*/*swagger-initializer.js=ResourceHttpRequestHandler [classpath [META-INF/resources/webjars/]], /swagger-ui*/**=ResourceHttpRequestHandler [classpath [META-INF/resources/webjars/]]}
2025-04-07 20:06:04 INFO  c.d.r.RestoranApplication:59 - Started RestoranApplication in 4.981 seconds (process running for 5.711)
2025-04-07 20:08:02 DEBUG i.s.v.c.c.ModelConverterContextImpl:90 - resolve class org.springdoc.api.ErrorMessage
2025-04-07 20:08:02 DEBUG i.s.v.c.c.ModelConverterContextImpl:90 - resolve [simple type, class java.util.UUID]
2025-04-07 20:08:02 DEBUG i.s.v.c.c.ModelConverterContextImpl:90 - resolve [simple type, class java.lang.String]
2025-04-07 20:08:02 DEBUG i.s.v.c.c.ModelConverterContextImpl:90 - resolve class org.springdoc.api.ErrorMessage
2025-04-07 20:08:02 DEBUG i.s.v.c.c.ModelConverterContextImpl:90 - resolve [simple type, class java.util.UUID]
2025-04-07 20:08:02 DEBUG i.s.v.c.c.ModelConverterContextImpl:90 - resolve [simple type, class java.lang.String]
2025-04-07 20:08:03 DEBUG i.s.v.c.c.ModelConverterContextImpl:90 - resolve class com.diplom.restoran.dto.WaiterDTO
2025-04-07 20:08:03 DEBUG i.s.v.c.c.ModelConverterContextImpl:90 - resolve [simple type, class java.lang.Long]
2025-04-07 20:08:03 DEBUG i.s.v.c.c.ModelConverterContextImpl:90 - resolve [simple type, class java.lang.String]
2025-04-07 20:08:03 DEBUG i.s.v.c.c.ModelConverterContextImpl:90 - resolve [collection type; class java.util.List, contains [simple type, class java.lang.Long]]
2025-04-07 20:08:03 DEBUG i.s.v.c.c.ModelConverterContextImpl:90 - resolve class com.diplom.restoran.dto.DishDTO
2025-04-07 20:08:03 DEBUG i.s.v.c.c.ModelConverterContextImpl:90 - resolve [simple type, class java.lang.Long]
2025-04-07 20:08:03 DEBUG i.s.v.c.c.ModelConverterContextImpl:90 - resolve [simple type, class java.lang.String]
2025-04-07 20:08:03 DEBUG i.s.v.c.c.ModelConverterContextImpl:90 - resolve [simple type, class java.lang.Double]
2025-04-07 20:08:03 DEBUG i.s.v.c.c.ModelConverterContextImpl:90 - resolve [simple type, class java.lang.Boolean]
2025-04-07 20:08:03 DEBUG i.s.v.c.c.ModelConverterContextImpl:90 - resolve [collection type; class java.util.List, contains [simple type, class java.lang.Long]]
2025-04-07 20:08:03 DEBUG i.s.v.c.c.ModelConverterContextImpl:90 - resolve class com.diplom.restoran.dto.CustomerDTO
2025-04-07 20:08:03 DEBUG i.s.v.c.c.ModelConverterContextImpl:90 - resolve [simple type, class java.lang.Long]
2025-04-07 20:08:03 DEBUG i.s.v.c.c.ModelConverterContextImpl:90 - resolve [simple type, class java.lang.String]
2025-04-07 20:08:03 DEBUG i.s.v.c.c.ModelConverterContextImpl:90 - resolve [collection type; class java.util.List, contains [simple type, class java.lang.Long]]
2025-04-07 20:08:03 DEBUG i.s.v.c.c.ModelConverterContextImpl:90 - resolve class com.diplom.restoran.entity.CustomerOrder
2025-04-07 20:08:03 DEBUG i.s.v.c.c.ModelConverterContextImpl:90 - resolve [simple type, class java.lang.Long]
2025-04-07 20:08:03 DEBUG i.s.v.c.c.ModelConverterContextImpl:90 - resolve [simple type, class com.diplom.restoran.entity.Chef]
2025-04-07 20:08:03 DEBUG i.s.v.c.c.ModelConverterContextImpl:90 - resolve [simple type, class java.lang.String]
2025-04-07 20:08:03 DEBUG i.s.v.c.c.ModelConverterContextImpl:90 - resolve [collection type; class java.util.List, contains [simple type, class com.diplom.restoran.entity.CustomerOrder]]
2025-04-07 20:08:03 DEBUG i.s.v.c.c.ModelConverterContextImpl:90 - resolve [simple type, class com.diplom.restoran.entity.CustomerOrder]
2025-04-07 20:08:03 DEBUG i.s.v.c.c.ModelConverterContextImpl:90 - resolve [simple type, class com.diplom.restoran.entity.Customer]
2025-04-07 20:08:03 DEBUG i.s.v.c.c.ModelConverterContextImpl:90 - resolve [simple type, class com.diplom.restoran.security.models.User]
2025-04-07 20:08:03 DEBUG i.s.v.c.c.ModelConverterContextImpl:90 - resolve [simple type, class java.lang.String]
2025-04-07 20:08:03 DEBUG i.s.v.c.c.ModelConverterContextImpl:90 - resolve [simple type, class java.lang.String]
2025-04-07 20:08:03 DEBUG i.s.v.c.c.ModelConverterContextImpl:90 - resolve [simple type, class java.lang.String]
2025-04-07 20:08:03 DEBUG i.s.v.c.c.ModelConverterContextImpl:90 - resolve [collection type; class java.util.Set, contains [simple type, class com.diplom.restoran.security.models.Role]]
2025-04-07 20:08:03 DEBUG i.s.v.c.c.ModelConverterContextImpl:90 - resolve [simple type, class com.diplom.restoran.security.models.Role]
2025-04-07 20:08:03 DEBUG i.s.v.c.c.ModelConverterContextImpl:90 - resolve [simple type, class java.lang.Integer]
2025-04-07 20:08:03 DEBUG i.s.v.c.c.ModelConverterContextImpl:90 - resolve [simple type, class com.diplom.restoran.security.models.ERole]
2025-04-07 20:08:03 DEBUG i.s.v.c.c.ModelConverterContextImpl:90 - resolve [simple type, class com.diplom.restoran.entity.Waiter]
2025-04-07 20:08:03 DEBUG i.s.v.c.c.ModelConverterContextImpl:90 - resolve [collection type; class java.util.List, contains [simple type, class com.diplom.restoran.entity.Dish]]
2025-04-07 20:08:03 DEBUG i.s.v.c.c.ModelConverterContextImpl:90 - resolve [simple type, class com.diplom.restoran.entity.Dish]
2025-04-07 20:08:03 DEBUG i.s.v.c.c.ModelConverterContextImpl:90 - resolve [simple type, class java.lang.String]
2025-04-07 20:08:03 DEBUG i.s.v.c.c.ModelConverterContextImpl:90 - resolve [simple type, class java.lang.Double]
2025-04-07 20:08:03 DEBUG i.s.v.c.c.ModelConverterContextImpl:90 - resolve [simple type, class java.lang.String]
2025-04-07 20:08:03 DEBUG i.s.v.c.c.ModelConverterContextImpl:90 - resolve [simple type, class java.lang.Boolean]
2025-04-07 20:08:03 DEBUG i.s.v.c.c.ModelConverterContextImpl:90 - resolve [simple type, class java.lang.Double]
2025-04-07 20:08:03 DEBUG i.s.v.c.c.ModelConverterContextImpl:90 - resolve [simple type, class java.lang.Boolean]
2025-04-07 20:08:03 DEBUG i.s.v.c.c.ModelConverterContextImpl:90 - resolve org.springframework.http.ResponseEntity<com.diplom.restoran.entity.CustomerOrder>
2025-04-07 20:08:03 DEBUG i.s.v.c.c.ModelConverterContextImpl:90 - resolve [simple type, class com.diplom.restoran.entity.CustomerOrder]
2025-04-07 20:08:03 DEBUG i.s.v.c.c.ModelConverterContextImpl:90 - resolve [simple type, class java.lang.Long]
2025-04-07 20:08:03 DEBUG i.s.v.c.c.ModelConverterContextImpl:90 - resolve [simple type, class com.diplom.restoran.entity.Chef]
2025-04-07 20:08:03 DEBUG i.s.v.c.c.ModelConverterContextImpl:90 - resolve [simple type, class java.lang.String]
2025-04-07 20:08:03 DEBUG i.s.v.c.c.ModelConverterContextImpl:90 - resolve [collection type; class java.util.List, contains [simple type, class com.diplom.restoran.entity.CustomerOrder]]
2025-04-07 20:08:03 DEBUG i.s.v.c.c.ModelConverterContextImpl:90 - resolve [simple type, class com.diplom.restoran.entity.CustomerOrder]
2025-04-07 20:08:03 DEBUG i.s.v.c.c.ModelConverterContextImpl:90 - resolve [simple type, class com.diplom.restoran.entity.Customer]
2025-04-07 20:08:03 DEBUG i.s.v.c.c.ModelConverterContextImpl:90 - resolve [simple type, class com.diplom.restoran.security.models.User]
2025-04-07 20:08:03 DEBUG i.s.v.c.c.ModelConverterContextImpl:90 - resolve [simple type, class java.lang.String]
2025-04-07 20:08:03 DEBUG i.s.v.c.c.ModelConverterContextImpl:90 - resolve [simple type, class java.lang.String]
2025-04-07 20:08:03 DEBUG i.s.v.c.c.ModelConverterContextImpl:90 - resolve [simple type, class java.lang.String]
2025-04-07 20:08:03 DEBUG i.s.v.c.c.ModelConverterContextImpl:90 - resolve [collection type; class java.util.Set, contains [simple type, class com.diplom.restoran.security.models.Role]]
2025-04-07 20:08:03 DEBUG i.s.v.c.c.ModelConverterContextImpl:90 - resolve [simple type, class com.diplom.restoran.security.models.Role]
2025-04-07 20:08:03 DEBUG i.s.v.c.c.ModelConverterContextImpl:90 - resolve [simple type, class java.lang.Integer]
2025-04-07 20:08:03 DEBUG i.s.v.c.c.ModelConverterContextImpl:90 - resolve [simple type, class com.diplom.restoran.security.models.ERole]
2025-04-07 20:08:03 DEBUG i.s.v.c.c.ModelConverterContextImpl:90 - resolve [simple type, class com.diplom.restoran.entity.Waiter]
2025-04-07 20:08:03 DEBUG i.s.v.c.c.ModelConverterContextImpl:90 - resolve [collection type; class java.util.List, contains [simple type, class com.diplom.restoran.entity.Dish]]
2025-04-07 20:08:03 DEBUG i.s.v.c.c.ModelConverterContextImpl:90 - resolve [simple type, class com.diplom.restoran.entity.Dish]
2025-04-07 20:08:03 DEBUG i.s.v.c.c.ModelConverterContextImpl:90 - resolve [simple type, class java.lang.String]
2025-04-07 20:08:03 DEBUG i.s.v.c.c.ModelConverterContextImpl:90 - resolve [simple type, class java.lang.Double]
2025-04-07 20:08:03 DEBUG i.s.v.c.c.ModelConverterContextImpl:90 - resolve [simple type, class java.lang.String]
2025-04-07 20:08:03 DEBUG i.s.v.c.c.ModelConverterContextImpl:90 - resolve [simple type, class java.lang.Boolean]
2025-04-07 20:08:03 DEBUG i.s.v.c.c.ModelConverterContextImpl:90 - resolve [simple type, class java.lang.Double]
2025-04-07 20:08:03 DEBUG i.s.v.c.c.ModelConverterContextImpl:90 - resolve [simple type, class java.lang.Boolean]
2025-04-07 20:08:03 DEBUG i.s.v.c.c.ModelConverterContextImpl:90 - resolve class com.diplom.restoran.dto.CustomerOrderDTO
2025-04-07 20:08:03 DEBUG i.s.v.c.c.ModelConverterContextImpl:90 - resolve [simple type, class java.lang.Long]
2025-04-07 20:08:03 DEBUG i.s.v.c.c.ModelConverterContextImpl:90 - resolve [simple type, class java.lang.String]
2025-04-07 20:08:03 DEBUG i.s.v.c.c.ModelConverterContextImpl:90 - resolve [collection type; class java.util.List, contains [simple type, class java.lang.Long]]
2025-04-07 20:08:03 DEBUG i.s.v.c.c.ModelConverterContextImpl:90 - resolve [simple type, class java.lang.Double]
2025-04-07 20:08:03 DEBUG i.s.v.c.c.ModelConverterContextImpl:90 - resolve [simple type, class java.lang.Boolean]
2025-04-07 20:08:03 DEBUG i.s.v.c.c.ModelConverterContextImpl:90 - resolve class com.diplom.restoran.entity.CustomerOrder
2025-04-07 20:08:03 DEBUG i.s.v.c.c.ModelConverterContextImpl:90 - resolve [simple type, class java.lang.Long]
2025-04-07 20:08:03 DEBUG i.s.v.c.c.ModelConverterContextImpl:90 - resolve [simple type, class com.diplom.restoran.entity.Chef]
2025-04-07 20:08:03 DEBUG i.s.v.c.c.ModelConverterContextImpl:90 - resolve [simple type, class java.lang.String]
2025-04-07 20:08:03 DEBUG i.s.v.c.c.ModelConverterContextImpl:90 - resolve [collection type; class java.util.List, contains [simple type, class com.diplom.restoran.entity.CustomerOrder]]
2025-04-07 20:08:03 DEBUG i.s.v.c.c.ModelConverterContextImpl:90 - resolve [simple type, class com.diplom.restoran.entity.CustomerOrder]
2025-04-07 20:08:03 DEBUG i.s.v.c.c.ModelConverterContextImpl:90 - resolve [simple type, class com.diplom.restoran.entity.Customer]
2025-04-07 20:08:03 DEBUG i.s.v.c.c.ModelConverterContextImpl:90 - resolve [simple type, class com.diplom.restoran.security.models.User]
2025-04-07 20:08:03 DEBUG i.s.v.c.c.ModelConverterContextImpl:90 - resolve [simple type, class java.lang.String]
2025-04-07 20:08:03 DEBUG i.s.v.c.c.ModelConverterContextImpl:90 - resolve [simple type, class java.lang.String]
2025-04-07 20:08:03 DEBUG i.s.v.c.c.ModelConverterContextImpl:90 - resolve [simple type, class java.lang.String]
2025-04-07 20:08:03 DEBUG i.s.v.c.c.ModelConverterContextImpl:90 - resolve [collection type; class java.util.Set, contains [simple type, class com.diplom.restoran.security.models.Role]]
2025-04-07 20:08:03 DEBUG i.s.v.c.c.ModelConverterContextImpl:90 - resolve [simple type, class com.diplom.restoran.security.models.Role]
2025-04-07 20:08:03 DEBUG i.s.v.c.c.ModelConverterContextImpl:90 - resolve [simple type, class java.lang.Integer]
2025-04-07 20:08:03 DEBUG i.s.v.c.c.ModelConverterContextImpl:90 - resolve [simple type, class com.diplom.restoran.security.models.ERole]
2025-04-07 20:08:03 DEBUG i.s.v.c.c.ModelConverterContextImpl:90 - resolve [simple type, class com.diplom.restoran.entity.Waiter]
2025-04-07 20:08:03 DEBUG i.s.v.c.c.ModelConverterContextImpl:90 - resolve [collection type; class java.util.List, contains [simple type, class com.diplom.restoran.entity.Dish]]
2025-04-07 20:08:03 DEBUG i.s.v.c.c.ModelConverterContextImpl:90 - resolve [simple type, class com.diplom.restoran.entity.Dish]
2025-04-07 20:08:03 DEBUG i.s.v.c.c.ModelConverterContextImpl:90 - resolve [simple type, class java.lang.String]
2025-04-07 20:08:03 DEBUG i.s.v.c.c.ModelConverterContextImpl:90 - resolve [simple type, class java.lang.Double]
2025-04-07 20:08:03 DEBUG i.s.v.c.c.ModelConverterContextImpl:90 - resolve [simple type, class java.lang.String]
2025-04-07 20:08:03 DEBUG i.s.v.c.c.ModelConverterContextImpl:90 - resolve [simple type, class java.lang.Boolean]
2025-04-07 20:08:03 DEBUG i.s.v.c.c.ModelConverterContextImpl:90 - resolve [simple type, class java.lang.Double]
2025-04-07 20:08:03 DEBUG i.s.v.c.c.ModelConverterContextImpl:90 - resolve [simple type, class java.lang.Boolean]
2025-04-07 20:08:03 DEBUG i.s.v.c.c.ModelConverterContextImpl:90 - resolve class com.diplom.restoran.dto.CustomerOrderDTO
2025-04-07 20:08:03 DEBUG i.s.v.c.c.ModelConverterContextImpl:90 - resolve [simple type, class java.lang.Long]
2025-04-07 20:08:03 DEBUG i.s.v.c.c.ModelConverterContextImpl:90 - resolve [simple type, class java.lang.String]
2025-04-07 20:08:03 DEBUG i.s.v.c.c.ModelConverterContextImpl:90 - resolve [collection type; class java.util.List, contains [simple type, class java.lang.Long]]
2025-04-07 20:08:03 DEBUG i.s.v.c.c.ModelConverterContextImpl:90 - resolve [simple type, class java.lang.Double]
2025-04-07 20:08:03 DEBUG i.s.v.c.c.ModelConverterContextImpl:90 - resolve [simple type, class java.lang.Boolean]
2025-04-07 20:08:03 DEBUG i.s.v.c.c.ModelConverterContextImpl:90 - resolve class com.diplom.restoran.entity.CustomerOrder
2025-04-07 20:08:03 DEBUG i.s.v.c.c.ModelConverterContextImpl:90 - resolve [simple type, class java.lang.Long]
2025-04-07 20:08:03 DEBUG i.s.v.c.c.ModelConverterContextImpl:90 - resolve [simple type, class com.diplom.restoran.entity.Chef]
2025-04-07 20:08:03 DEBUG i.s.v.c.c.ModelConverterContextImpl:90 - resolve [simple type, class java.lang.String]
2025-04-07 20:08:03 DEBUG i.s.v.c.c.ModelConverterContextImpl:90 - resolve [collection type; class java.util.List, contains [simple type, class com.diplom.restoran.entity.CustomerOrder]]
2025-04-07 20:08:03 DEBUG i.s.v.c.c.ModelConverterContextImpl:90 - resolve [simple type, class com.diplom.restoran.entity.CustomerOrder]
2025-04-07 20:08:03 DEBUG i.s.v.c.c.ModelConverterContextImpl:90 - resolve [simple type, class com.diplom.restoran.entity.Customer]
2025-04-07 20:08:03 DEBUG i.s.v.c.c.ModelConverterContextImpl:90 - resolve [simple type, class com.diplom.restoran.security.models.User]
2025-04-07 20:08:03 DEBUG i.s.v.c.c.ModelConverterContextImpl:90 - resolve [simple type, class java.lang.String]
2025-04-07 20:08:03 DEBUG i.s.v.c.c.ModelConverterContextImpl:90 - resolve [simple type, class java.lang.String]
2025-04-07 20:08:03 DEBUG i.s.v.c.c.ModelConverterContextImpl:90 - resolve [simple type, class java.lang.String]
2025-04-07 20:08:03 DEBUG i.s.v.c.c.ModelConverterContextImpl:90 - resolve [collection type; class java.util.Set, contains [simple type, class com.diplom.restoran.security.models.Role]]
2025-04-07 20:08:03 DEBUG i.s.v.c.c.ModelConverterContextImpl:90 - resolve [simple type, class com.diplom.restoran.security.models.Role]
2025-04-07 20:08:03 DEBUG i.s.v.c.c.ModelConverterContextImpl:90 - resolve [simple type, class java.lang.Integer]
2025-04-07 20:08:03 DEBUG i.s.v.c.c.ModelConverterContextImpl:90 - resolve [simple type, class com.diplom.restoran.security.models.ERole]
2025-04-07 20:08:03 DEBUG i.s.v.c.c.ModelConverterContextImpl:90 - resolve [simple type, class com.diplom.restoran.entity.Waiter]
2025-04-07 20:08:03 DEBUG i.s.v.c.c.ModelConverterContextImpl:90 - resolve [collection type; class java.util.List, contains [simple type, class com.diplom.restoran.entity.Dish]]
2025-04-07 20:08:03 DEBUG i.s.v.c.c.ModelConverterContextImpl:90 - resolve [simple type, class com.diplom.restoran.entity.Dish]
2025-04-07 20:08:03 DEBUG i.s.v.c.c.ModelConverterContextImpl:90 - resolve [simple type, class java.lang.String]
2025-04-07 20:08:03 DEBUG i.s.v.c.c.ModelConverterContextImpl:90 - resolve [simple type, class java.lang.Double]
2025-04-07 20:08:03 DEBUG i.s.v.c.c.ModelConverterContextImpl:90 - resolve [simple type, class java.lang.String]
2025-04-07 20:08:03 DEBUG i.s.v.c.c.ModelConverterContextImpl:90 - resolve [simple type, class java.lang.Boolean]
2025-04-07 20:08:03 DEBUG i.s.v.c.c.ModelConverterContextImpl:90 - resolve [simple type, class java.lang.Double]
2025-04-07 20:08:03 DEBUG i.s.v.c.c.ModelConverterContextImpl:90 - resolve [simple type, class java.lang.Boolean]
2025-04-07 20:08:03 DEBUG i.s.v.c.c.ModelConverterContextImpl:90 - resolve class com.diplom.restoran.dto.ChefDTO
2025-04-07 20:08:03 DEBUG i.s.v.c.c.ModelConverterContextImpl:90 - resolve [simple type, class java.lang.Long]
2025-04-07 20:08:03 DEBUG i.s.v.c.c.ModelConverterContextImpl:90 - resolve [simple type, class java.lang.String]
2025-04-07 20:08:03 DEBUG i.s.v.c.c.ModelConverterContextImpl:90 - resolve [collection type; class java.util.List, contains [simple type, class java.lang.Long]]
2025-04-07 20:08:03 DEBUG i.s.v.c.c.ModelConverterContextImpl:90 - resolve class com.diplom.restoran.security.request.SignupRequest
2025-04-07 20:08:03 DEBUG i.s.v.c.c.ModelConverterContextImpl:90 - resolve [simple type, class java.lang.String]
2025-04-07 20:08:03 DEBUG i.s.v.c.c.ModelConverterContextImpl:90 - resolve [simple type, class java.lang.String]
2025-04-07 20:08:03 DEBUG i.s.v.c.c.ModelConverterContextImpl:90 - resolve [collection type; class java.util.Set, contains [simple type, class java.lang.String]]
2025-04-07 20:08:03 DEBUG i.s.v.c.c.ModelConverterContextImpl:90 - resolve [simple type, class java.lang.String]
2025-04-07 20:08:03 DEBUG i.s.v.c.c.ModelConverterContextImpl:90 - resolve [simple type, class java.lang.String]
2025-04-07 20:08:03 DEBUG i.s.v.c.c.ModelConverterContextImpl:90 - resolve org.springframework.http.ResponseEntity<?>
2025-04-07 20:08:03 DEBUG i.s.v.c.c.ModelConverterContextImpl:90 - resolve [simple type, class java.lang.Object]
2025-04-07 20:08:03 DEBUG i.s.v.c.c.ModelConverterContextImpl:90 - resolve class com.diplom.restoran.security.request.LoginRequest
2025-04-07 20:08:03 DEBUG i.s.v.c.c.ModelConverterContextImpl:90 - resolve [simple type, class java.lang.String]
2025-04-07 20:08:03 DEBUG i.s.v.c.c.ModelConverterContextImpl:90 - resolve org.springframework.http.ResponseEntity<?>
2025-04-07 20:08:03 DEBUG i.s.v.c.c.ModelConverterContextImpl:90 - resolve [simple type, class java.lang.Object]
2025-04-07 20:08:03 DEBUG i.s.v.c.c.ModelConverterContextImpl:90 - resolve class com.diplom.restoran.dto.AdminDTO
2025-04-07 20:08:03 DEBUG i.s.v.c.c.ModelConverterContextImpl:90 - resolve [simple type, class java.lang.Long]
2025-04-07 20:08:03 DEBUG i.s.v.c.c.ModelConverterContextImpl:90 - resolve [simple type, class java.lang.String]
2025-04-07 20:08:03 DEBUG i.s.v.c.c.ModelConverterContextImpl:90 - resolve [collection type; class java.util.List, contains [simple type, class java.lang.Long]]
2025-04-07 20:08:03 DEBUG i.s.v.c.c.ModelConverterContextImpl:90 - resolve class com.diplom.restoran.dto.WaiterDTO
2025-04-07 20:08:03 DEBUG i.s.v.c.c.ModelConverterContextImpl:90 - resolve [simple type, class java.lang.Long]
2025-04-07 20:08:03 DEBUG i.s.v.c.c.ModelConverterContextImpl:90 - resolve [simple type, class java.lang.String]
2025-04-07 20:08:03 DEBUG i.s.v.c.c.ModelConverterContextImpl:90 - resolve [collection type; class java.util.List, contains [simple type, class java.lang.Long]]
2025-04-07 20:08:03 DEBUG i.s.v.c.c.ModelConverterContextImpl:90 - resolve class java.lang.Long
2025-04-07 20:08:03 DEBUG i.s.v.c.c.ModelConverterContextImpl:90 - resolve class java.lang.Long
2025-04-07 20:08:03 DEBUG i.s.v.c.c.ModelConverterContextImpl:90 - resolve class com.diplom.restoran.entity.Waiter
2025-04-07 20:08:03 DEBUG i.s.v.c.c.ModelConverterContextImpl:90 - resolve [simple type, class java.lang.Long]
2025-04-07 20:08:03 DEBUG i.s.v.c.c.ModelConverterContextImpl:90 - resolve [simple type, class java.lang.String]
2025-04-07 20:08:03 DEBUG i.s.v.c.c.ModelConverterContextImpl:90 - resolve [collection type; class java.util.List, contains [simple type, class com.diplom.restoran.entity.CustomerOrder]]
2025-04-07 20:08:03 DEBUG i.s.v.c.c.ModelConverterContextImpl:90 - resolve [simple type, class com.diplom.restoran.entity.CustomerOrder]
2025-04-07 20:08:03 DEBUG i.s.v.c.c.ModelConverterContextImpl:90 - resolve [simple type, class com.diplom.restoran.entity.Chef]
2025-04-07 20:08:03 DEBUG i.s.v.c.c.ModelConverterContextImpl:90 - resolve [collection type; class java.util.List, contains [simple type, class com.diplom.restoran.entity.CustomerOrder]]
2025-04-07 20:08:03 DEBUG i.s.v.c.c.ModelConverterContextImpl:90 - resolve [simple type, class com.diplom.restoran.entity.CustomerOrder]
2025-04-07 20:08:03 DEBUG i.s.v.c.c.ModelConverterContextImpl:90 - resolve [simple type, class com.diplom.restoran.entity.Customer]
2025-04-07 20:08:03 DEBUG i.s.v.c.c.ModelConverterContextImpl:90 - resolve [simple type, class com.diplom.restoran.security.models.User]
2025-04-07 20:08:03 DEBUG i.s.v.c.c.ModelConverterContextImpl:90 - resolve [simple type, class java.lang.String]
2025-04-07 20:08:03 DEBUG i.s.v.c.c.ModelConverterContextImpl:90 - resolve [simple type, class java.lang.String]
2025-04-07 20:08:03 DEBUG i.s.v.c.c.ModelConverterContextImpl:90 - resolve [simple type, class java.lang.String]
2025-04-07 20:08:03 DEBUG i.s.v.c.c.ModelConverterContextImpl:90 - resolve [collection type; class java.util.Set, contains [simple type, class com.diplom.restoran.security.models.Role]]
2025-04-07 20:08:03 DEBUG i.s.v.c.c.ModelConverterContextImpl:90 - resolve [simple type, class com.diplom.restoran.security.models.Role]
2025-04-07 20:08:03 DEBUG i.s.v.c.c.ModelConverterContextImpl:90 - resolve [simple type, class java.lang.Integer]
2025-04-07 20:08:03 DEBUG i.s.v.c.c.ModelConverterContextImpl:90 - resolve [simple type, class com.diplom.restoran.security.models.ERole]
2025-04-07 20:08:03 DEBUG i.s.v.c.c.ModelConverterContextImpl:90 - resolve [simple type, class com.diplom.restoran.entity.Waiter]
2025-04-07 20:08:03 DEBUG i.s.v.c.c.ModelConverterContextImpl:90 - resolve [collection type; class java.util.List, contains [simple type, class com.diplom.restoran.entity.Dish]]
2025-04-07 20:08:03 DEBUG i.s.v.c.c.ModelConverterContextImpl:90 - resolve [simple type, class com.diplom.restoran.entity.Dish]
2025-04-07 20:08:03 DEBUG i.s.v.c.c.ModelConverterContextImpl:90 - resolve [simple type, class java.lang.String]
2025-04-07 20:08:03 DEBUG i.s.v.c.c.ModelConverterContextImpl:90 - resolve [simple type, class java.lang.Double]
2025-04-07 20:08:03 DEBUG i.s.v.c.c.ModelConverterContextImpl:90 - resolve [simple type, class java.lang.String]
2025-04-07 20:08:03 DEBUG i.s.v.c.c.ModelConverterContextImpl:90 - resolve [simple type, class java.lang.Boolean]
2025-04-07 20:08:03 DEBUG i.s.v.c.c.ModelConverterContextImpl:90 - resolve [simple type, class java.lang.Double]
2025-04-07 20:08:03 DEBUG i.s.v.c.c.ModelConverterContextImpl:90 - resolve [simple type, class java.lang.Boolean]
2025-04-07 20:08:03 DEBUG i.s.v.c.c.ModelConverterContextImpl:90 - resolve class java.lang.Long
2025-04-07 20:08:03 DEBUG i.s.v.c.c.ModelConverterContextImpl:90 - resolve class java.lang.Long
2025-04-07 20:08:03 DEBUG i.s.v.c.c.ModelConverterContextImpl:90 - resolve class com.diplom.restoran.entity.Waiter
2025-04-07 20:08:03 DEBUG i.s.v.c.c.ModelConverterContextImpl:90 - resolve [simple type, class java.lang.Long]
2025-04-07 20:08:03 DEBUG i.s.v.c.c.ModelConverterContextImpl:90 - resolve [simple type, class java.lang.String]
2025-04-07 20:08:03 DEBUG i.s.v.c.c.ModelConverterContextImpl:90 - resolve [collection type; class java.util.List, contains [simple type, class com.diplom.restoran.entity.CustomerOrder]]
2025-04-07 20:08:03 DEBUG i.s.v.c.c.ModelConverterContextImpl:90 - resolve [simple type, class com.diplom.restoran.entity.CustomerOrder]
2025-04-07 20:08:03 DEBUG i.s.v.c.c.ModelConverterContextImpl:90 - resolve [simple type, class com.diplom.restoran.entity.Chef]
2025-04-07 20:08:03 DEBUG i.s.v.c.c.ModelConverterContextImpl:90 - resolve [collection type; class java.util.List, contains [simple type, class com.diplom.restoran.entity.CustomerOrder]]
2025-04-07 20:08:03 DEBUG i.s.v.c.c.ModelConverterContextImpl:90 - resolve [simple type, class com.diplom.restoran.entity.CustomerOrder]
2025-04-07 20:08:03 DEBUG i.s.v.c.c.ModelConverterContextImpl:90 - resolve [simple type, class com.diplom.restoran.entity.Customer]
2025-04-07 20:08:03 DEBUG i.s.v.c.c.ModelConverterContextImpl:90 - resolve [simple type, class com.diplom.restoran.security.models.User]
2025-04-07 20:08:03 DEBUG i.s.v.c.c.ModelConverterContextImpl:90 - resolve [simple type, class java.lang.String]
2025-04-07 20:08:03 DEBUG i.s.v.c.c.ModelConverterContextImpl:90 - resolve [simple type, class java.lang.String]
2025-04-07 20:08:03 DEBUG i.s.v.c.c.ModelConverterContextImpl:90 - resolve [simple type, class java.lang.String]
2025-04-07 20:08:03 DEBUG i.s.v.c.c.ModelConverterContextImpl:90 - resolve [collection type; class java.util.Set, contains [simple type, class com.diplom.restoran.security.models.Role]]
2025-04-07 20:08:03 DEBUG i.s.v.c.c.ModelConverterContextImpl:90 - resolve [simple type, class com.diplom.restoran.security.models.Role]
2025-04-07 20:08:03 DEBUG i.s.v.c.c.ModelConverterContextImpl:90 - resolve [simple type, class java.lang.Integer]
2025-04-07 20:08:03 DEBUG i.s.v.c.c.ModelConverterContextImpl:90 - resolve [simple type, class com.diplom.restoran.security.models.ERole]
2025-04-07 20:08:03 DEBUG i.s.v.c.c.ModelConverterContextImpl:90 - resolve [simple type, class com.diplom.restoran.entity.Waiter]
2025-04-07 20:08:03 DEBUG i.s.v.c.c.ModelConverterContextImpl:90 - resolve [collection type; class java.util.List, contains [simple type, class com.diplom.restoran.entity.Dish]]
2025-04-07 20:08:03 DEBUG i.s.v.c.c.ModelConverterContextImpl:90 - resolve [simple type, class com.diplom.restoran.entity.Dish]
2025-04-07 20:08:03 DEBUG i.s.v.c.c.ModelConverterContextImpl:90 - resolve [simple type, class java.lang.String]
2025-04-07 20:08:03 DEBUG i.s.v.c.c.ModelConverterContextImpl:90 - resolve [simple type, class java.lang.Double]
2025-04-07 20:08:03 DEBUG i.s.v.c.c.ModelConverterContextImpl:90 - resolve [simple type, class java.lang.String]
2025-04-07 20:08:03 DEBUG i.s.v.c.c.ModelConverterContextImpl:90 - resolve [simple type, class java.lang.Boolean]
2025-04-07 20:08:03 DEBUG i.s.v.c.c.ModelConverterContextImpl:90 - resolve [simple type, class java.lang.Double]
2025-04-07 20:08:03 DEBUG i.s.v.c.c.ModelConverterContextImpl:90 - resolve [simple type, class java.lang.Boolean]
2025-04-07 20:08:03 DEBUG i.s.v.c.c.ModelConverterContextImpl:90 - resolve java.util.List<com.diplom.restoran.dto.DishDTO>
2025-04-07 20:08:03 DEBUG i.s.v.c.c.ModelConverterContextImpl:90 - resolve [simple type, class com.diplom.restoran.dto.DishDTO]
2025-04-07 20:08:03 DEBUG i.s.v.c.c.ModelConverterContextImpl:90 - resolve [simple type, class java.lang.Long]
2025-04-07 20:08:03 DEBUG i.s.v.c.c.ModelConverterContextImpl:90 - resolve [simple type, class java.lang.String]
2025-04-07 20:08:03 DEBUG i.s.v.c.c.ModelConverterContextImpl:90 - resolve [simple type, class java.lang.Double]
2025-04-07 20:08:03 DEBUG i.s.v.c.c.ModelConverterContextImpl:90 - resolve [simple type, class java.lang.Boolean]
2025-04-07 20:08:03 DEBUG i.s.v.c.c.ModelConverterContextImpl:90 - resolve [collection type; class java.util.List, contains [simple type, class java.lang.Long]]
2025-04-07 20:08:03 DEBUG i.s.v.c.c.ModelConverterContextImpl:90 - resolve long
2025-04-07 20:08:03 DEBUG i.s.v.c.c.ModelConverterContextImpl:90 - resolve class com.diplom.restoran.dto.DishDTO
2025-04-07 20:08:03 DEBUG i.s.v.c.c.ModelConverterContextImpl:90 - resolve [simple type, class java.lang.Long]
2025-04-07 20:08:03 DEBUG i.s.v.c.c.ModelConverterContextImpl:90 - resolve [simple type, class java.lang.String]
2025-04-07 20:08:03 DEBUG i.s.v.c.c.ModelConverterContextImpl:90 - resolve [simple type, class java.lang.Double]
2025-04-07 20:08:03 DEBUG i.s.v.c.c.ModelConverterContextImpl:90 - resolve [simple type, class java.lang.Boolean]
2025-04-07 20:08:03 DEBUG i.s.v.c.c.ModelConverterContextImpl:90 - resolve [collection type; class java.util.List, contains [simple type, class java.lang.Long]]
2025-04-07 20:08:03 DEBUG i.s.v.c.c.ModelConverterContextImpl:90 - resolve class java.lang.Double
2025-04-07 20:08:03 DEBUG i.s.v.c.c.ModelConverterContextImpl:90 - resolve java.util.List<com.diplom.restoran.dto.DishDTO>
2025-04-07 20:08:03 DEBUG i.s.v.c.c.ModelConverterContextImpl:90 - resolve [simple type, class com.diplom.restoran.dto.DishDTO]
2025-04-07 20:08:03 DEBUG i.s.v.c.c.ModelConverterContextImpl:90 - resolve [simple type, class java.lang.Long]
2025-04-07 20:08:03 DEBUG i.s.v.c.c.ModelConverterContextImpl:90 - resolve [simple type, class java.lang.String]
2025-04-07 20:08:03 DEBUG i.s.v.c.c.ModelConverterContextImpl:90 - resolve [simple type, class java.lang.Double]
2025-04-07 20:08:03 DEBUG i.s.v.c.c.ModelConverterContextImpl:90 - resolve [simple type, class java.lang.Boolean]
2025-04-07 20:08:03 DEBUG i.s.v.c.c.ModelConverterContextImpl:90 - resolve [collection type; class java.util.List, contains [simple type, class java.lang.Long]]
2025-04-07 20:08:03 DEBUG i.s.v.c.c.ModelConverterContextImpl:90 - resolve java.util.List<com.diplom.restoran.dto.CustomerDTO>
2025-04-07 20:08:03 DEBUG i.s.v.c.c.ModelConverterContextImpl:90 - resolve [simple type, class com.diplom.restoran.dto.CustomerDTO]
2025-04-07 20:08:03 DEBUG i.s.v.c.c.ModelConverterContextImpl:90 - resolve [simple type, class java.lang.Long]
2025-04-07 20:08:03 DEBUG i.s.v.c.c.ModelConverterContextImpl:90 - resolve [simple type, class java.lang.String]
2025-04-07 20:08:03 DEBUG i.s.v.c.c.ModelConverterContextImpl:90 - resolve [collection type; class java.util.List, contains [simple type, class java.lang.Long]]
2025-04-07 20:08:03 DEBUG i.s.v.c.c.ModelConverterContextImpl:90 - resolve org.springframework.http.ResponseEntity<?>
2025-04-07 20:08:03 DEBUG i.s.v.c.c.ModelConverterContextImpl:90 - resolve [simple type, class java.lang.Object]
2025-04-07 20:08:03 DEBUG i.s.v.c.c.ModelConverterContextImpl:90 - resolve class java.lang.Long
2025-04-07 20:08:03 DEBUG i.s.v.c.c.ModelConverterContextImpl:90 - resolve class java.lang.Double
2025-04-07 20:08:03 DEBUG i.s.v.c.c.ModelConverterContextImpl:90 - resolve class java.lang.Long
2025-04-07 20:08:03 DEBUG i.s.v.c.c.ModelConverterContextImpl:90 - resolve class java.lang.Long
2025-04-07 20:08:03 DEBUG i.s.v.c.c.ModelConverterContextImpl:90 - resolve class com.diplom.restoran.entity.Customer
2025-04-07 20:08:03 DEBUG i.s.v.c.c.ModelConverterContextImpl:90 - resolve [simple type, class java.lang.Long]
2025-04-07 20:08:03 DEBUG i.s.v.c.c.ModelConverterContextImpl:90 - resolve [simple type, class java.lang.String]
2025-04-07 20:08:03 DEBUG i.s.v.c.c.ModelConverterContextImpl:90 - resolve [collection type; class java.util.List, contains [simple type, class com.diplom.restoran.entity.CustomerOrder]]
2025-04-07 20:08:03 DEBUG i.s.v.c.c.ModelConverterContextImpl:90 - resolve [simple type, class com.diplom.restoran.entity.CustomerOrder]
2025-04-07 20:08:03 DEBUG i.s.v.c.c.ModelConverterContextImpl:90 - resolve [simple type, class com.diplom.restoran.entity.Chef]
2025-04-07 20:08:03 DEBUG i.s.v.c.c.ModelConverterContextImpl:90 - resolve [collection type; class java.util.List, contains [simple type, class com.diplom.restoran.entity.CustomerOrder]]
2025-04-07 20:08:03 DEBUG i.s.v.c.c.ModelConverterContextImpl:90 - resolve [simple type, class com.diplom.restoran.entity.CustomerOrder]
2025-04-07 20:08:03 DEBUG i.s.v.c.c.ModelConverterContextImpl:90 - resolve [simple type, class com.diplom.restoran.entity.Customer]
2025-04-07 20:08:03 DEBUG i.s.v.c.c.ModelConverterContextImpl:90 - resolve [simple type, class com.diplom.restoran.security.models.User]
2025-04-07 20:08:03 DEBUG i.s.v.c.c.ModelConverterContextImpl:90 - resolve [simple type, class java.lang.String]
2025-04-07 20:08:03 DEBUG i.s.v.c.c.ModelConverterContextImpl:90 - resolve [simple type, class java.lang.String]
2025-04-07 20:08:03 DEBUG i.s.v.c.c.ModelConverterContextImpl:90 - resolve [simple type, class java.lang.String]
2025-04-07 20:08:03 DEBUG i.s.v.c.c.ModelConverterContextImpl:90 - resolve [collection type; class java.util.Set, contains [simple type, class com.diplom.restoran.security.models.Role]]
2025-04-07 20:08:03 DEBUG i.s.v.c.c.ModelConverterContextImpl:90 - resolve [simple type, class com.diplom.restoran.security.models.Role]
2025-04-07 20:08:03 DEBUG i.s.v.c.c.ModelConverterContextImpl:90 - resolve [simple type, class java.lang.Integer]
2025-04-07 20:08:03 DEBUG i.s.v.c.c.ModelConverterContextImpl:90 - resolve [simple type, class com.diplom.restoran.security.models.ERole]
2025-04-07 20:08:03 DEBUG i.s.v.c.c.ModelConverterContextImpl:90 - resolve [simple type, class com.diplom.restoran.entity.Waiter]
2025-04-07 20:08:03 DEBUG i.s.v.c.c.ModelConverterContextImpl:90 - resolve [collection type; class java.util.List, contains [simple type, class com.diplom.restoran.entity.Dish]]
2025-04-07 20:08:03 DEBUG i.s.v.c.c.ModelConverterContextImpl:90 - resolve [simple type, class com.diplom.restoran.entity.Dish]
2025-04-07 20:08:03 DEBUG i.s.v.c.c.ModelConverterContextImpl:90 - resolve [simple type, class java.lang.String]
2025-04-07 20:08:03 DEBUG i.s.v.c.c.ModelConverterContextImpl:90 - resolve [simple type, class java.lang.Double]
2025-04-07 20:08:03 DEBUG i.s.v.c.c.ModelConverterContextImpl:90 - resolve [simple type, class java.lang.String]
2025-04-07 20:08:03 DEBUG i.s.v.c.c.ModelConverterContextImpl:90 - resolve [simple type, class java.lang.Boolean]
2025-04-07 20:08:03 DEBUG i.s.v.c.c.ModelConverterContextImpl:90 - resolve [simple type, class java.lang.Double]
2025-04-07 20:08:03 DEBUG i.s.v.c.c.ModelConverterContextImpl:90 - resolve [simple type, class java.lang.Boolean]
2025-04-07 20:08:03 DEBUG i.s.v.c.c.ModelConverterContextImpl:90 - resolve java.util.List<com.diplom.restoran.entity.CustomerOrder>
2025-04-07 20:08:03 DEBUG i.s.v.c.c.ModelConverterContextImpl:90 - resolve [simple type, class com.diplom.restoran.entity.CustomerOrder]
2025-04-07 20:08:03 DEBUG i.s.v.c.c.ModelConverterContextImpl:90 - resolve [simple type, class java.lang.Long]
2025-04-07 20:08:03 DEBUG i.s.v.c.c.ModelConverterContextImpl:90 - resolve [simple type, class com.diplom.restoran.entity.Chef]
2025-04-07 20:08:03 DEBUG i.s.v.c.c.ModelConverterContextImpl:90 - resolve [simple type, class java.lang.String]
2025-04-07 20:08:03 DEBUG i.s.v.c.c.ModelConverterContextImpl:90 - resolve [collection type; class java.util.List, contains [simple type, class com.diplom.restoran.entity.CustomerOrder]]
2025-04-07 20:08:03 DEBUG i.s.v.c.c.ModelConverterContextImpl:90 - resolve [simple type, class com.diplom.restoran.entity.CustomerOrder]
2025-04-07 20:08:03 DEBUG i.s.v.c.c.ModelConverterContextImpl:90 - resolve [simple type, class com.diplom.restoran.entity.Customer]
2025-04-07 20:08:03 DEBUG i.s.v.c.c.ModelConverterContextImpl:90 - resolve [simple type, class com.diplom.restoran.security.models.User]
2025-04-07 20:08:03 DEBUG i.s.v.c.c.ModelConverterContextImpl:90 - resolve [simple type, class java.lang.String]
2025-04-07 20:08:03 DEBUG i.s.v.c.c.ModelConverterContextImpl:90 - resolve [simple type, class java.lang.String]
2025-04-07 20:08:03 DEBUG i.s.v.c.c.ModelConverterContextImpl:90 - resolve [simple type, class java.lang.String]
2025-04-07 20:08:03 DEBUG i.s.v.c.c.ModelConverterContextImpl:90 - resolve [collection type; class java.util.Set, contains [simple type, class com.diplom.restoran.security.models.Role]]
2025-04-07 20:08:03 DEBUG i.s.v.c.c.ModelConverterContextImpl:90 - resolve [simple type, class com.diplom.restoran.security.models.Role]
2025-04-07 20:08:03 DEBUG i.s.v.c.c.ModelConverterContextImpl:90 - resolve [simple type, class java.lang.Integer]
2025-04-07 20:08:03 DEBUG i.s.v.c.c.ModelConverterContextImpl:90 - resolve [simple type, class com.diplom.restoran.security.models.ERole]
2025-04-07 20:08:03 DEBUG i.s.v.c.c.ModelConverterContextImpl:90 - resolve [simple type, class com.diplom.restoran.entity.Waiter]
2025-04-07 20:08:03 DEBUG i.s.v.c.c.ModelConverterContextImpl:90 - resolve [collection type; class java.util.List, contains [simple type, class com.diplom.restoran.entity.Dish]]
2025-04-07 20:08:03 DEBUG i.s.v.c.c.ModelConverterContextImpl:90 - resolve [simple type, class com.diplom.restoran.entity.Dish]
2025-04-07 20:08:03 DEBUG i.s.v.c.c.ModelConverterContextImpl:90 - resolve [simple type, class java.lang.String]
2025-04-07 20:08:03 DEBUG i.s.v.c.c.ModelConverterContextImpl:90 - resolve [simple type, class java.lang.Double]
2025-04-07 20:08:03 DEBUG i.s.v.c.c.ModelConverterContextImpl:90 - resolve [simple type, class java.lang.String]
2025-04-07 20:08:03 DEBUG i.s.v.c.c.ModelConverterContextImpl:90 - resolve [simple type, class java.lang.Boolean]
2025-04-07 20:08:03 DEBUG i.s.v.c.c.ModelConverterContextImpl:90 - resolve [simple type, class java.lang.Double]
2025-04-07 20:08:03 DEBUG i.s.v.c.c.ModelConverterContextImpl:90 - resolve [simple type, class java.lang.Boolean]
2025-04-07 20:08:03 DEBUG i.s.v.c.c.ModelConverterContextImpl:90 - resolve class java.lang.Long
2025-04-07 20:08:03 DEBUG i.s.v.c.c.ModelConverterContextImpl:90 - resolve class java.lang.Double
2025-04-07 20:08:03 DEBUG i.s.v.c.c.ModelConverterContextImpl:90 - resolve class java.lang.Long
2025-04-07 20:08:03 DEBUG i.s.v.c.c.ModelConverterContextImpl:90 - resolve class com.diplom.restoran.entity.CustomerOrder
2025-04-07 20:08:03 DEBUG i.s.v.c.c.ModelConverterContextImpl:90 - resolve [simple type, class java.lang.Long]
2025-04-07 20:08:03 DEBUG i.s.v.c.c.ModelConverterContextImpl:90 - resolve [simple type, class com.diplom.restoran.entity.Chef]
2025-04-07 20:08:03 DEBUG i.s.v.c.c.ModelConverterContextImpl:90 - resolve [simple type, class java.lang.String]
2025-04-07 20:08:03 DEBUG i.s.v.c.c.ModelConverterContextImpl:90 - resolve [collection type; class java.util.List, contains [simple type, class com.diplom.restoran.entity.CustomerOrder]]
2025-04-07 20:08:03 DEBUG i.s.v.c.c.ModelConverterContextImpl:90 - resolve [simple type, class com.diplom.restoran.entity.CustomerOrder]
2025-04-07 20:08:03 DEBUG i.s.v.c.c.ModelConverterContextImpl:90 - resolve [simple type, class com.diplom.restoran.entity.Customer]
2025-04-07 20:08:03 DEBUG i.s.v.c.c.ModelConverterContextImpl:90 - resolve [simple type, class com.diplom.restoran.security.models.User]
2025-04-07 20:08:03 DEBUG i.s.v.c.c.ModelConverterContextImpl:90 - resolve [simple type, class java.lang.String]
2025-04-07 20:08:03 DEBUG i.s.v.c.c.ModelConverterContextImpl:90 - resolve [simple type, class java.lang.String]
2025-04-07 20:08:03 DEBUG i.s.v.c.c.ModelConverterContextImpl:90 - resolve [simple type, class java.lang.String]
2025-04-07 20:08:03 DEBUG i.s.v.c.c.ModelConverterContextImpl:90 - resolve [collection type; class java.util.Set, contains [simple type, class com.diplom.restoran.security.models.Role]]
2025-04-07 20:08:03 DEBUG i.s.v.c.c.ModelConverterContextImpl:90 - resolve [simple type, class com.diplom.restoran.security.models.Role]
2025-04-07 20:08:03 DEBUG i.s.v.c.c.ModelConverterContextImpl:90 - resolve [simple type, class java.lang.Integer]
2025-04-07 20:08:03 DEBUG i.s.v.c.c.ModelConverterContextImpl:90 - resolve [simple type, class com.diplom.restoran.security.models.ERole]
2025-04-07 20:08:03 DEBUG i.s.v.c.c.ModelConverterContextImpl:90 - resolve [simple type, class com.diplom.restoran.entity.Waiter]
2025-04-07 20:08:03 DEBUG i.s.v.c.c.ModelConverterContextImpl:90 - resolve [collection type; class java.util.List, contains [simple type, class com.diplom.restoran.entity.Dish]]
2025-04-07 20:08:03 DEBUG i.s.v.c.c.ModelConverterContextImpl:90 - resolve [simple type, class com.diplom.restoran.entity.Dish]
2025-04-07 20:08:03 DEBUG i.s.v.c.c.ModelConverterContextImpl:90 - resolve [simple type, class java.lang.String]
2025-04-07 20:08:03 DEBUG i.s.v.c.c.ModelConverterContextImpl:90 - resolve [simple type, class java.lang.Double]
2025-04-07 20:08:03 DEBUG i.s.v.c.c.ModelConverterContextImpl:90 - resolve [simple type, class java.lang.String]
2025-04-07 20:08:03 DEBUG i.s.v.c.c.ModelConverterContextImpl:90 - resolve [simple type, class java.lang.Boolean]
2025-04-07 20:08:03 DEBUG i.s.v.c.c.ModelConverterContextImpl:90 - resolve [simple type, class java.lang.Double]
2025-04-07 20:08:03 DEBUG i.s.v.c.c.ModelConverterContextImpl:90 - resolve [simple type, class java.lang.Boolean]
2025-04-07 20:08:03 DEBUG i.s.v.c.c.ModelConverterContextImpl:90 - resolve java.util.List<com.diplom.restoran.entity.CustomerOrder>
2025-04-07 20:08:03 DEBUG i.s.v.c.c.ModelConverterContextImpl:90 - resolve [simple type, class com.diplom.restoran.entity.CustomerOrder]
2025-04-07 20:08:03 DEBUG i.s.v.c.c.ModelConverterContextImpl:90 - resolve [simple type, class java.lang.Long]
2025-04-07 20:08:03 DEBUG i.s.v.c.c.ModelConverterContextImpl:90 - resolve [simple type, class com.diplom.restoran.entity.Chef]
2025-04-07 20:08:03 DEBUG i.s.v.c.c.ModelConverterContextImpl:90 - resolve [simple type, class java.lang.String]
2025-04-07 20:08:03 DEBUG i.s.v.c.c.ModelConverterContextImpl:90 - resolve [collection type; class java.util.List, contains [simple type, class com.diplom.restoran.entity.CustomerOrder]]
2025-04-07 20:08:03 DEBUG i.s.v.c.c.ModelConverterContextImpl:90 - resolve [simple type, class com.diplom.restoran.entity.CustomerOrder]
2025-04-07 20:08:03 DEBUG i.s.v.c.c.ModelConverterContextImpl:90 - resolve [simple type, class com.diplom.restoran.entity.Customer]
2025-04-07 20:08:03 DEBUG i.s.v.c.c.ModelConverterContextImpl:90 - resolve [simple type, class com.diplom.restoran.security.models.User]
2025-04-07 20:08:03 DEBUG i.s.v.c.c.ModelConverterContextImpl:90 - resolve [simple type, class java.lang.String]
2025-04-07 20:08:03 DEBUG i.s.v.c.c.ModelConverterContextImpl:90 - resolve [simple type, class java.lang.String]
2025-04-07 20:08:03 DEBUG i.s.v.c.c.ModelConverterContextImpl:90 - resolve [simple type, class java.lang.String]
2025-04-07 20:08:03 DEBUG i.s.v.c.c.ModelConverterContextImpl:90 - resolve [collection type; class java.util.Set, contains [simple type, class com.diplom.restoran.security.models.Role]]
2025-04-07 20:08:03 DEBUG i.s.v.c.c.ModelConverterContextImpl:90 - resolve [simple type, class com.diplom.restoran.security.models.Role]
2025-04-07 20:08:03 DEBUG i.s.v.c.c.ModelConverterContextImpl:90 - resolve [simple type, class java.lang.Integer]
2025-04-07 20:08:03 DEBUG i.s.v.c.c.ModelConverterContextImpl:90 - resolve [simple type, class com.diplom.restoran.security.models.ERole]
2025-04-07 20:08:03 DEBUG i.s.v.c.c.ModelConverterContextImpl:90 - resolve [simple type, class com.diplom.restoran.entity.Waiter]
2025-04-07 20:08:03 DEBUG i.s.v.c.c.ModelConverterContextImpl:90 - resolve [collection type; class java.util.List, contains [simple type, class com.diplom.restoran.entity.Dish]]
2025-04-07 20:08:03 DEBUG i.s.v.c.c.ModelConverterContextImpl:90 - resolve [simple type, class com.diplom.restoran.entity.Dish]
2025-04-07 20:08:03 DEBUG i.s.v.c.c.ModelConverterContextImpl:90 - resolve [simple type, class java.lang.String]
2025-04-07 20:08:03 DEBUG i.s.v.c.c.ModelConverterContextImpl:90 - resolve [simple type, class java.lang.Double]
2025-04-07 20:08:03 DEBUG i.s.v.c.c.ModelConverterContextImpl:90 - resolve [simple type, class java.lang.String]
2025-04-07 20:08:03 DEBUG i.s.v.c.c.ModelConverterContextImpl:90 - resolve [simple type, class java.lang.Boolean]
2025-04-07 20:08:03 DEBUG i.s.v.c.c.ModelConverterContextImpl:90 - resolve [simple type, class java.lang.Double]
2025-04-07 20:08:03 DEBUG i.s.v.c.c.ModelConverterContextImpl:90 - resolve [simple type, class java.lang.Boolean]
2025-04-07 20:08:03 DEBUG i.s.v.c.c.ModelConverterContextImpl:90 - resolve java.util.List<com.diplom.restoran.entity.CustomerOrder>
2025-04-07 20:08:03 DEBUG i.s.v.c.c.ModelConverterContextImpl:90 - resolve [simple type, class com.diplom.restoran.entity.CustomerOrder]
2025-04-07 20:08:03 DEBUG i.s.v.c.c.ModelConverterContextImpl:90 - resolve [simple type, class java.lang.Long]
2025-04-07 20:08:03 DEBUG i.s.v.c.c.ModelConverterContextImpl:90 - resolve [simple type, class com.diplom.restoran.entity.Chef]
2025-04-07 20:08:03 DEBUG i.s.v.c.c.ModelConverterContextImpl:90 - resolve [simple type, class java.lang.String]
2025-04-07 20:08:03 DEBUG i.s.v.c.c.ModelConverterContextImpl:90 - resolve [collection type; class java.util.List, contains [simple type, class com.diplom.restoran.entity.CustomerOrder]]
2025-04-07 20:08:03 DEBUG i.s.v.c.c.ModelConverterContextImpl:90 - resolve [simple type, class com.diplom.restoran.entity.CustomerOrder]
2025-04-07 20:08:03 DEBUG i.s.v.c.c.ModelConverterContextImpl:90 - resolve [simple type, class com.diplom.restoran.entity.Customer]
2025-04-07 20:08:03 DEBUG i.s.v.c.c.ModelConverterContextImpl:90 - resolve [simple type, class com.diplom.restoran.security.models.User]
2025-04-07 20:08:03 DEBUG i.s.v.c.c.ModelConverterContextImpl:90 - resolve [simple type, class java.lang.String]
2025-04-07 20:08:03 DEBUG i.s.v.c.c.ModelConverterContextImpl:90 - resolve [simple type, class java.lang.String]
2025-04-07 20:08:03 DEBUG i.s.v.c.c.ModelConverterContextImpl:90 - resolve [simple type, class java.lang.String]
2025-04-07 20:08:03 DEBUG i.s.v.c.c.ModelConverterContextImpl:90 - resolve [collection type; class java.util.Set, contains [simple type, class com.diplom.restoran.security.models.Role]]
2025-04-07 20:08:03 DEBUG i.s.v.c.c.ModelConverterContextImpl:90 - resolve [simple type, class com.diplom.restoran.security.models.Role]
2025-04-07 20:08:03 DEBUG i.s.v.c.c.ModelConverterContextImpl:90 - resolve [simple type, class java.lang.Integer]
2025-04-07 20:08:03 DEBUG i.s.v.c.c.ModelConverterContextImpl:90 - resolve [simple type, class com.diplom.restoran.security.models.ERole]
2025-04-07 20:08:03 DEBUG i.s.v.c.c.ModelConverterContextImpl:90 - resolve [simple type, class com.diplom.restoran.entity.Waiter]
2025-04-07 20:08:03 DEBUG i.s.v.c.c.ModelConverterContextImpl:90 - resolve [collection type; class java.util.List, contains [simple type, class com.diplom.restoran.entity.Dish]]
2025-04-07 20:08:03 DEBUG i.s.v.c.c.ModelConverterContextImpl:90 - resolve [simple type, class com.diplom.restoran.entity.Dish]
2025-04-07 20:08:03 DEBUG i.s.v.c.c.ModelConverterContextImpl:90 - resolve [simple type, class java.lang.String]
2025-04-07 20:08:03 DEBUG i.s.v.c.c.ModelConverterContextImpl:90 - resolve [simple type, class java.lang.Double]
2025-04-07 20:08:03 DEBUG i.s.v.c.c.ModelConverterContextImpl:90 - resolve [simple type, class java.lang.String]
2025-04-07 20:08:03 DEBUG i.s.v.c.c.ModelConverterContextImpl:90 - resolve [simple type, class java.lang.Boolean]
2025-04-07 20:08:03 DEBUG i.s.v.c.c.ModelConverterContextImpl:90 - resolve [simple type, class java.lang.Double]
2025-04-07 20:08:03 DEBUG i.s.v.c.c.ModelConverterContextImpl:90 - resolve [simple type, class java.lang.Boolean]
2025-04-07 20:08:03 DEBUG i.s.v.c.c.ModelConverterContextImpl:90 - resolve class java.lang.Long
2025-04-07 20:08:03 DEBUG i.s.v.c.c.ModelConverterContextImpl:90 - resolve class java.lang.Long
2025-04-07 20:08:03 DEBUG i.s.v.c.c.ModelConverterContextImpl:90 - resolve class com.diplom.restoran.entity.CustomerOrder
2025-04-07 20:08:03 DEBUG i.s.v.c.c.ModelConverterContextImpl:90 - resolve [simple type, class java.lang.Long]
2025-04-07 20:08:03 DEBUG i.s.v.c.c.ModelConverterContextImpl:90 - resolve [simple type, class com.diplom.restoran.entity.Chef]
2025-04-07 20:08:03 DEBUG i.s.v.c.c.ModelConverterContextImpl:90 - resolve [simple type, class java.lang.String]
2025-04-07 20:08:03 DEBUG i.s.v.c.c.ModelConverterContextImpl:90 - resolve [collection type; class java.util.List, contains [simple type, class com.diplom.restoran.entity.CustomerOrder]]
2025-04-07 20:08:03 DEBUG i.s.v.c.c.ModelConverterContextImpl:90 - resolve [simple type, class com.diplom.restoran.entity.CustomerOrder]
2025-04-07 20:08:03 DEBUG i.s.v.c.c.ModelConverterContextImpl:90 - resolve [simple type, class com.diplom.restoran.entity.Customer]
2025-04-07 20:08:03 DEBUG i.s.v.c.c.ModelConverterContextImpl:90 - resolve [simple type, class com.diplom.restoran.security.models.User]
2025-04-07 20:08:03 DEBUG i.s.v.c.c.ModelConverterContextImpl:90 - resolve [simple type, class java.lang.String]
2025-04-07 20:08:03 DEBUG i.s.v.c.c.ModelConverterContextImpl:90 - resolve [simple type, class java.lang.String]
2025-04-07 20:08:03 DEBUG i.s.v.c.c.ModelConverterContextImpl:90 - resolve [simple type, class java.lang.String]
2025-04-07 20:08:03 DEBUG i.s.v.c.c.ModelConverterContextImpl:90 - resolve [collection type; class java.util.Set, contains [simple type, class com.diplom.restoran.security.models.Role]]
2025-04-07 20:08:03 DEBUG i.s.v.c.c.ModelConverterContextImpl:90 - resolve [simple type, class com.diplom.restoran.security.models.Role]
2025-04-07 20:08:03 DEBUG i.s.v.c.c.ModelConverterContextImpl:90 - resolve [simple type, class java.lang.Integer]
2025-04-07 20:08:03 DEBUG i.s.v.c.c.ModelConverterContextImpl:90 - resolve [simple type, class com.diplom.restoran.security.models.ERole]
2025-04-07 20:08:03 DEBUG i.s.v.c.c.ModelConverterContextImpl:90 - resolve [simple type, class com.diplom.restoran.entity.Waiter]
2025-04-07 20:08:03 DEBUG i.s.v.c.c.ModelConverterContextImpl:90 - resolve [collection type; class java.util.List, contains [simple type, class com.diplom.restoran.entity.Dish]]
2025-04-07 20:08:03 DEBUG i.s.v.c.c.ModelConverterContextImpl:90 - resolve [simple type, class com.diplom.restoran.entity.Dish]
2025-04-07 20:08:03 DEBUG i.s.v.c.c.ModelConverterContextImpl:90 - resolve [simple type, class java.lang.String]
2025-04-07 20:08:03 DEBUG i.s.v.c.c.ModelConverterContextImpl:90 - resolve [simple type, class java.lang.Double]
2025-04-07 20:08:03 DEBUG i.s.v.c.c.ModelConverterContextImpl:90 - resolve [simple type, class java.lang.String]
2025-04-07 20:08:03 DEBUG i.s.v.c.c.ModelConverterContextImpl:90 - resolve [simple type, class java.lang.Boolean]
2025-04-07 20:08:03 DEBUG i.s.v.c.c.ModelConverterContextImpl:90 - resolve [simple type, class java.lang.Double]
2025-04-07 20:08:03 DEBUG i.s.v.c.c.ModelConverterContextImpl:90 - resolve [simple type, class java.lang.Boolean]
2025-04-07 20:08:03 DEBUG i.s.v.c.c.ModelConverterContextImpl:90 - resolve class java.lang.Long
2025-04-07 20:08:03 DEBUG i.s.v.c.c.ModelConverterContextImpl:90 - resolve class java.lang.Long
2025-04-07 20:08:03 DEBUG i.s.v.c.c.ModelConverterContextImpl:90 - resolve class com.diplom.restoran.entity.CustomerOrder
2025-04-07 20:08:03 DEBUG i.s.v.c.c.ModelConverterContextImpl:90 - resolve [simple type, class java.lang.Long]
2025-04-07 20:08:03 DEBUG i.s.v.c.c.ModelConverterContextImpl:90 - resolve [simple type, class com.diplom.restoran.entity.Chef]
2025-04-07 20:08:03 DEBUG i.s.v.c.c.ModelConverterContextImpl:90 - resolve [simple type, class java.lang.String]
2025-04-07 20:08:03 DEBUG i.s.v.c.c.ModelConverterContextImpl:90 - resolve [collection type; class java.util.List, contains [simple type, class com.diplom.restoran.entity.CustomerOrder]]
2025-04-07 20:08:03 DEBUG i.s.v.c.c.ModelConverterContextImpl:90 - resolve [simple type, class com.diplom.restoran.entity.CustomerOrder]
2025-04-07 20:08:03 DEBUG i.s.v.c.c.ModelConverterContextImpl:90 - resolve [simple type, class com.diplom.restoran.entity.Customer]
2025-04-07 20:08:03 DEBUG i.s.v.c.c.ModelConverterContextImpl:90 - resolve [simple type, class com.diplom.restoran.security.models.User]
2025-04-07 20:08:03 DEBUG i.s.v.c.c.ModelConverterContextImpl:90 - resolve [simple type, class java.lang.String]
2025-04-07 20:08:03 DEBUG i.s.v.c.c.ModelConverterContextImpl:90 - resolve [simple type, class java.lang.String]
2025-04-07 20:08:03 DEBUG i.s.v.c.c.ModelConverterContextImpl:90 - resolve [simple type, class java.lang.String]
2025-04-07 20:08:03 DEBUG i.s.v.c.c.ModelConverterContextImpl:90 - resolve [collection type; class java.util.Set, contains [simple type, class com.diplom.restoran.security.models.Role]]
2025-04-07 20:08:03 DEBUG i.s.v.c.c.ModelConverterContextImpl:90 - resolve [simple type, class com.diplom.restoran.security.models.Role]
2025-04-07 20:08:03 DEBUG i.s.v.c.c.ModelConverterContextImpl:90 - resolve [simple type, class java.lang.Integer]
2025-04-07 20:08:03 DEBUG i.s.v.c.c.ModelConverterContextImpl:90 - resolve [simple type, class com.diplom.restoran.security.models.ERole]
2025-04-07 20:08:03 DEBUG i.s.v.c.c.ModelConverterContextImpl:90 - resolve [simple type, class com.diplom.restoran.entity.Waiter]
2025-04-07 20:08:03 DEBUG i.s.v.c.c.ModelConverterContextImpl:90 - resolve [collection type; class java.util.List, contains [simple type, class com.diplom.restoran.entity.Dish]]
2025-04-07 20:08:03 DEBUG i.s.v.c.c.ModelConverterContextImpl:90 - resolve [simple type, class com.diplom.restoran.entity.Dish]
2025-04-07 20:08:03 DEBUG i.s.v.c.c.ModelConverterContextImpl:90 - resolve [simple type, class java.lang.String]
2025-04-07 20:08:03 DEBUG i.s.v.c.c.ModelConverterContextImpl:90 - resolve [simple type, class java.lang.Double]
2025-04-07 20:08:03 DEBUG i.s.v.c.c.ModelConverterContextImpl:90 - resolve [simple type, class java.lang.String]
2025-04-07 20:08:03 DEBUG i.s.v.c.c.ModelConverterContextImpl:90 - resolve [simple type, class java.lang.Boolean]
2025-04-07 20:08:03 DEBUG i.s.v.c.c.ModelConverterContextImpl:90 - resolve [simple type, class java.lang.Double]
2025-04-07 20:08:03 DEBUG i.s.v.c.c.ModelConverterContextImpl:90 - resolve [simple type, class java.lang.Boolean]
2025-04-07 20:08:03 DEBUG i.s.v.c.c.ModelConverterContextImpl:90 - resolve java.util.List<com.diplom.restoran.dto.ChefDTO>
2025-04-07 20:08:03 DEBUG i.s.v.c.c.ModelConverterContextImpl:90 - resolve [simple type, class com.diplom.restoran.dto.ChefDTO]
2025-04-07 20:08:03 DEBUG i.s.v.c.c.ModelConverterContextImpl:90 - resolve [simple type, class java.lang.Long]
2025-04-07 20:08:03 DEBUG i.s.v.c.c.ModelConverterContextImpl:90 - resolve [simple type, class java.lang.String]
2025-04-07 20:08:03 DEBUG i.s.v.c.c.ModelConverterContextImpl:90 - resolve [collection type; class java.util.List, contains [simple type, class java.lang.Long]]
2025-04-07 20:08:03 DEBUG i.s.v.c.c.ModelConverterContextImpl:90 - resolve class java.lang.Long
2025-04-07 20:08:03 DEBUG i.s.v.c.c.ModelConverterContextImpl:90 - resolve class com.diplom.restoran.dto.ChefDTO
2025-04-07 20:08:03 DEBUG i.s.v.c.c.ModelConverterContextImpl:90 - resolve [simple type, class java.lang.Long]
2025-04-07 20:08:03 DEBUG i.s.v.c.c.ModelConverterContextImpl:90 - resolve [simple type, class java.lang.String]
2025-04-07 20:08:03 DEBUG i.s.v.c.c.ModelConverterContextImpl:90 - resolve [collection type; class java.util.List, contains [simple type, class java.lang.Long]]
2025-04-07 20:08:03 DEBUG i.s.v.c.c.ModelConverterContextImpl:90 - resolve class java.lang.Long
2025-04-07 20:08:03 DEBUG i.s.v.c.c.ModelConverterContextImpl:90 - resolve class java.lang.Long
2025-04-07 20:08:03 DEBUG i.s.v.c.c.ModelConverterContextImpl:90 - resolve class com.diplom.restoran.entity.Chef
2025-04-07 20:08:03 DEBUG i.s.v.c.c.ModelConverterContextImpl:90 - resolve [simple type, class java.lang.Long]
2025-04-07 20:08:03 DEBUG i.s.v.c.c.ModelConverterContextImpl:90 - resolve [simple type, class java.lang.String]
2025-04-07 20:08:03 DEBUG i.s.v.c.c.ModelConverterContextImpl:90 - resolve [collection type; class java.util.List, contains [simple type, class com.diplom.restoran.entity.CustomerOrder]]
2025-04-07 20:08:03 DEBUG i.s.v.c.c.ModelConverterContextImpl:90 - resolve [simple type, class com.diplom.restoran.entity.CustomerOrder]
2025-04-07 20:08:03 DEBUG i.s.v.c.c.ModelConverterContextImpl:90 - resolve [simple type, class com.diplom.restoran.entity.Customer]
2025-04-07 20:08:03 DEBUG i.s.v.c.c.ModelConverterContextImpl:90 - resolve [simple type, class com.diplom.restoran.security.models.User]
2025-04-07 20:08:03 DEBUG i.s.v.c.c.ModelConverterContextImpl:90 - resolve [simple type, class java.lang.String]
2025-04-07 20:08:03 DEBUG i.s.v.c.c.ModelConverterContextImpl:90 - resolve [simple type, class java.lang.String]
2025-04-07 20:08:03 DEBUG i.s.v.c.c.ModelConverterContextImpl:90 - resolve [simple type, class java.lang.String]
2025-04-07 20:08:03 DEBUG i.s.v.c.c.ModelConverterContextImpl:90 - resolve [collection type; class java.util.Set, contains [simple type, class com.diplom.restoran.security.models.Role]]
2025-04-07 20:08:03 DEBUG i.s.v.c.c.ModelConverterContextImpl:90 - resolve [simple type, class com.diplom.restoran.security.models.Role]
2025-04-07 20:08:03 DEBUG i.s.v.c.c.ModelConverterContextImpl:90 - resolve [simple type, class java.lang.Integer]
2025-04-07 20:08:03 DEBUG i.s.v.c.c.ModelConverterContextImpl:90 - resolve [simple type, class com.diplom.restoran.security.models.ERole]
2025-04-07 20:08:03 DEBUG i.s.v.c.c.ModelConverterContextImpl:90 - resolve [simple type, class com.diplom.restoran.entity.Waiter]
2025-04-07 20:08:03 DEBUG i.s.v.c.c.ModelConverterContextImpl:90 - resolve [collection type; class java.util.List, contains [simple type, class com.diplom.restoran.entity.Dish]]
2025-04-07 20:08:03 DEBUG i.s.v.c.c.ModelConverterContextImpl:90 - resolve [simple type, class com.diplom.restoran.entity.Dish]
2025-04-07 20:08:03 DEBUG i.s.v.c.c.ModelConverterContextImpl:90 - resolve [simple type, class java.lang.String]
2025-04-07 20:08:03 DEBUG i.s.v.c.c.ModelConverterContextImpl:90 - resolve [simple type, class java.lang.Double]
2025-04-07 20:08:03 DEBUG i.s.v.c.c.ModelConverterContextImpl:90 - resolve [simple type, class java.lang.String]
2025-04-07 20:08:03 DEBUG i.s.v.c.c.ModelConverterContextImpl:90 - resolve [simple type, class java.lang.Boolean]
2025-04-07 20:08:03 DEBUG i.s.v.c.c.ModelConverterContextImpl:90 - resolve [simple type, class java.lang.Double]
2025-04-07 20:08:03 DEBUG i.s.v.c.c.ModelConverterContextImpl:90 - resolve [simple type, class java.lang.Boolean]
2025-04-07 20:08:03 DEBUG i.s.v.c.c.ModelConverterContextImpl:90 - resolve class java.lang.Long
2025-04-07 20:08:03 DEBUG i.s.v.c.c.ModelConverterContextImpl:90 - resolve java.util.List<com.diplom.restoran.entity.CustomerOrder>
2025-04-07 20:08:03 DEBUG i.s.v.c.c.ModelConverterContextImpl:90 - resolve [simple type, class com.diplom.restoran.entity.CustomerOrder]
2025-04-07 20:08:03 DEBUG i.s.v.c.c.ModelConverterContextImpl:90 - resolve [simple type, class java.lang.Long]
2025-04-07 20:08:03 DEBUG i.s.v.c.c.ModelConverterContextImpl:90 - resolve [simple type, class com.diplom.restoran.entity.Chef]
2025-04-07 20:08:03 DEBUG i.s.v.c.c.ModelConverterContextImpl:90 - resolve [simple type, class java.lang.String]
2025-04-07 20:08:03 DEBUG i.s.v.c.c.ModelConverterContextImpl:90 - resolve [collection type; class java.util.List, contains [simple type, class com.diplom.restoran.entity.CustomerOrder]]
2025-04-07 20:08:03 DEBUG i.s.v.c.c.ModelConverterContextImpl:90 - resolve [simple type, class com.diplom.restoran.entity.CustomerOrder]
2025-04-07 20:08:03 DEBUG i.s.v.c.c.ModelConverterContextImpl:90 - resolve [simple type, class com.diplom.restoran.entity.Customer]
2025-04-07 20:08:03 DEBUG i.s.v.c.c.ModelConverterContextImpl:90 - resolve [simple type, class com.diplom.restoran.security.models.User]
2025-04-07 20:08:03 DEBUG i.s.v.c.c.ModelConverterContextImpl:90 - resolve [simple type, class java.lang.String]
2025-04-07 20:08:03 DEBUG i.s.v.c.c.ModelConverterContextImpl:90 - resolve [simple type, class java.lang.String]
2025-04-07 20:08:03 DEBUG i.s.v.c.c.ModelConverterContextImpl:90 - resolve [simple type, class java.lang.String]
2025-04-07 20:08:03 DEBUG i.s.v.c.c.ModelConverterContextImpl:90 - resolve [collection type; class java.util.Set, contains [simple type, class com.diplom.restoran.security.models.Role]]
2025-04-07 20:08:03 DEBUG i.s.v.c.c.ModelConverterContextImpl:90 - resolve [simple type, class com.diplom.restoran.security.models.Role]
2025-04-07 20:08:03 DEBUG i.s.v.c.c.ModelConverterContextImpl:90 - resolve [simple type, class java.lang.Integer]
2025-04-07 20:08:03 DEBUG i.s.v.c.c.ModelConverterContextImpl:90 - resolve [simple type, class com.diplom.restoran.security.models.ERole]
2025-04-07 20:08:03 DEBUG i.s.v.c.c.ModelConverterContextImpl:90 - resolve [simple type, class com.diplom.restoran.entity.Waiter]
2025-04-07 20:08:03 DEBUG i.s.v.c.c.ModelConverterContextImpl:90 - resolve [collection type; class java.util.List, contains [simple type, class com.diplom.restoran.entity.Dish]]
2025-04-07 20:08:03 DEBUG i.s.v.c.c.ModelConverterContextImpl:90 - resolve [simple type, class com.diplom.restoran.entity.Dish]
2025-04-07 20:08:03 DEBUG i.s.v.c.c.ModelConverterContextImpl:90 - resolve [simple type, class java.lang.String]
2025-04-07 20:08:03 DEBUG i.s.v.c.c.ModelConverterContextImpl:90 - resolve [simple type, class java.lang.Double]
2025-04-07 20:08:03 DEBUG i.s.v.c.c.ModelConverterContextImpl:90 - resolve [simple type, class java.lang.String]
2025-04-07 20:08:03 DEBUG i.s.v.c.c.ModelConverterContextImpl:90 - resolve [simple type, class java.lang.Boolean]
2025-04-07 20:08:03 DEBUG i.s.v.c.c.ModelConverterContextImpl:90 - resolve [simple type, class java.lang.Double]
2025-04-07 20:08:03 DEBUG i.s.v.c.c.ModelConverterContextImpl:90 - resolve [simple type, class java.lang.Boolean]
2025-04-07 20:08:03 DEBUG i.s.v.c.c.ModelConverterContextImpl:90 - resolve class java.lang.Long
2025-04-07 20:08:03 DEBUG i.s.v.c.c.ModelConverterContextImpl:90 - resolve java.util.List<com.diplom.restoran.entity.CustomerOrder>
2025-04-07 20:08:03 DEBUG i.s.v.c.c.ModelConverterContextImpl:90 - resolve [simple type, class com.diplom.restoran.entity.CustomerOrder]
2025-04-07 20:08:03 DEBUG i.s.v.c.c.ModelConverterContextImpl:90 - resolve [simple type, class java.lang.Long]
2025-04-07 20:08:03 DEBUG i.s.v.c.c.ModelConverterContextImpl:90 - resolve [simple type, class com.diplom.restoran.entity.Chef]
2025-04-07 20:08:03 DEBUG i.s.v.c.c.ModelConverterContextImpl:90 - resolve [simple type, class java.lang.String]
2025-04-07 20:08:03 DEBUG i.s.v.c.c.ModelConverterContextImpl:90 - resolve [collection type; class java.util.List, contains [simple type, class com.diplom.restoran.entity.CustomerOrder]]
2025-04-07 20:08:03 DEBUG i.s.v.c.c.ModelConverterContextImpl:90 - resolve [simple type, class com.diplom.restoran.entity.CustomerOrder]
2025-04-07 20:08:03 DEBUG i.s.v.c.c.ModelConverterContextImpl:90 - resolve [simple type, class com.diplom.restoran.entity.Customer]
2025-04-07 20:08:03 DEBUG i.s.v.c.c.ModelConverterContextImpl:90 - resolve [simple type, class com.diplom.restoran.security.models.User]
2025-04-07 20:08:03 DEBUG i.s.v.c.c.ModelConverterContextImpl:90 - resolve [simple type, class java.lang.String]
2025-04-07 20:08:03 DEBUG i.s.v.c.c.ModelConverterContextImpl:90 - resolve [simple type, class java.lang.String]
2025-04-07 20:08:03 DEBUG i.s.v.c.c.ModelConverterContextImpl:90 - resolve [simple type, class java.lang.String]
2025-04-07 20:08:03 DEBUG i.s.v.c.c.ModelConverterContextImpl:90 - resolve [collection type; class java.util.Set, contains [simple type, class com.diplom.restoran.security.models.Role]]
2025-04-07 20:08:03 DEBUG i.s.v.c.c.ModelConverterContextImpl:90 - resolve [simple type, class com.diplom.restoran.security.models.Role]
2025-04-07 20:08:03 DEBUG i.s.v.c.c.ModelConverterContextImpl:90 - resolve [simple type, class java.lang.Integer]
2025-04-07 20:08:03 DEBUG i.s.v.c.c.ModelConverterContextImpl:90 - resolve [simple type, class com.diplom.restoran.security.models.ERole]
2025-04-07 20:08:03 DEBUG i.s.v.c.c.ModelConverterContextImpl:90 - resolve [simple type, class com.diplom.restoran.entity.Waiter]
2025-04-07 20:08:03 DEBUG i.s.v.c.c.ModelConverterContextImpl:90 - resolve [collection type; class java.util.List, contains [simple type, class com.diplom.restoran.entity.Dish]]
2025-04-07 20:08:03 DEBUG i.s.v.c.c.ModelConverterContextImpl:90 - resolve [simple type, class com.diplom.restoran.entity.Dish]
2025-04-07 20:08:03 DEBUG i.s.v.c.c.ModelConverterContextImpl:90 - resolve [simple type, class java.lang.String]
2025-04-07 20:08:03 DEBUG i.s.v.c.c.ModelConverterContextImpl:90 - resolve [simple type, class java.lang.Double]
2025-04-07 20:08:03 DEBUG i.s.v.c.c.ModelConverterContextImpl:90 - resolve [simple type, class java.lang.String]
2025-04-07 20:08:03 DEBUG i.s.v.c.c.ModelConverterContextImpl:90 - resolve [simple type, class java.lang.Boolean]
2025-04-07 20:08:03 DEBUG i.s.v.c.c.ModelConverterContextImpl:90 - resolve [simple type, class java.lang.Double]
2025-04-07 20:08:03 DEBUG i.s.v.c.c.ModelConverterContextImpl:90 - resolve [simple type, class java.lang.Boolean]
2025-04-07 20:08:03 DEBUG i.s.v.c.c.ModelConverterContextImpl:90 - resolve class java.lang.Long
2025-04-07 20:08:03 DEBUG i.s.v.c.c.ModelConverterContextImpl:90 - resolve java.util.List<com.diplom.restoran.entity.CustomerOrder>
2025-04-07 20:08:03 DEBUG i.s.v.c.c.ModelConverterContextImpl:90 - resolve [simple type, class com.diplom.restoran.entity.CustomerOrder]
2025-04-07 20:08:03 DEBUG i.s.v.c.c.ModelConverterContextImpl:90 - resolve [simple type, class java.lang.Long]
2025-04-07 20:08:03 DEBUG i.s.v.c.c.ModelConverterContextImpl:90 - resolve [simple type, class com.diplom.restoran.entity.Chef]
2025-04-07 20:08:03 DEBUG i.s.v.c.c.ModelConverterContextImpl:90 - resolve [simple type, class java.lang.String]
2025-04-07 20:08:03 DEBUG i.s.v.c.c.ModelConverterContextImpl:90 - resolve [collection type; class java.util.List, contains [simple type, class com.diplom.restoran.entity.CustomerOrder]]
2025-04-07 20:08:03 DEBUG i.s.v.c.c.ModelConverterContextImpl:90 - resolve [simple type, class com.diplom.restoran.entity.CustomerOrder]
2025-04-07 20:08:03 DEBUG i.s.v.c.c.ModelConverterContextImpl:90 - resolve [simple type, class com.diplom.restoran.entity.Customer]
2025-04-07 20:08:03 DEBUG i.s.v.c.c.ModelConverterContextImpl:90 - resolve [simple type, class com.diplom.restoran.security.models.User]
2025-04-07 20:08:03 DEBUG i.s.v.c.c.ModelConverterContextImpl:90 - resolve [simple type, class java.lang.String]
2025-04-07 20:08:03 DEBUG i.s.v.c.c.ModelConverterContextImpl:90 - resolve [simple type, class java.lang.String]
2025-04-07 20:08:03 DEBUG i.s.v.c.c.ModelConverterContextImpl:90 - resolve [simple type, class java.lang.String]
2025-04-07 20:08:03 DEBUG i.s.v.c.c.ModelConverterContextImpl:90 - resolve [collection type; class java.util.Set, contains [simple type, class com.diplom.restoran.security.models.Role]]
2025-04-07 20:08:03 DEBUG i.s.v.c.c.ModelConverterContextImpl:90 - resolve [simple type, class com.diplom.restoran.security.models.Role]
2025-04-07 20:08:03 DEBUG i.s.v.c.c.ModelConverterContextImpl:90 - resolve [simple type, class java.lang.Integer]
2025-04-07 20:08:03 DEBUG i.s.v.c.c.ModelConverterContextImpl:90 - resolve [simple type, class com.diplom.restoran.security.models.ERole]
2025-04-07 20:08:03 DEBUG i.s.v.c.c.ModelConverterContextImpl:90 - resolve [simple type, class com.diplom.restoran.entity.Waiter]
2025-04-07 20:08:03 DEBUG i.s.v.c.c.ModelConverterContextImpl:90 - resolve [collection type; class java.util.List, contains [simple type, class com.diplom.restoran.entity.Dish]]
2025-04-07 20:08:03 DEBUG i.s.v.c.c.ModelConverterContextImpl:90 - resolve [simple type, class com.diplom.restoran.entity.Dish]
2025-04-07 20:08:03 DEBUG i.s.v.c.c.ModelConverterContextImpl:90 - resolve [simple type, class java.lang.String]
2025-04-07 20:08:03 DEBUG i.s.v.c.c.ModelConverterContextImpl:90 - resolve [simple type, class java.lang.Double]
2025-04-07 20:08:03 DEBUG i.s.v.c.c.ModelConverterContextImpl:90 - resolve [simple type, class java.lang.String]
2025-04-07 20:08:03 DEBUG i.s.v.c.c.ModelConverterContextImpl:90 - resolve [simple type, class java.lang.Boolean]
2025-04-07 20:08:03 DEBUG i.s.v.c.c.ModelConverterContextImpl:90 - resolve [simple type, class java.lang.Double]
2025-04-07 20:08:03 DEBUG i.s.v.c.c.ModelConverterContextImpl:90 - resolve [simple type, class java.lang.Boolean]
2025-04-07 20:08:03 DEBUG i.s.v.c.c.ModelConverterContextImpl:90 - resolve java.util.List<com.diplom.restoran.dto.AdminDTO>
2025-04-07 20:08:03 DEBUG i.s.v.c.c.ModelConverterContextImpl:90 - resolve [simple type, class com.diplom.restoran.dto.AdminDTO]
2025-04-07 20:08:03 DEBUG i.s.v.c.c.ModelConverterContextImpl:90 - resolve [simple type, class java.lang.Long]
2025-04-07 20:08:03 DEBUG i.s.v.c.c.ModelConverterContextImpl:90 - resolve [simple type, class java.lang.String]
2025-04-07 20:08:03 DEBUG i.s.v.c.c.ModelConverterContextImpl:90 - resolve [collection type; class java.util.List, contains [simple type, class java.lang.Long]]
2025-04-07 20:08:03 DEBUG i.s.v.c.c.ModelConverterContextImpl:90 - resolve long
2025-04-07 20:08:03 DEBUG i.s.v.c.c.ModelConverterContextImpl:90 - resolve class com.diplom.restoran.dto.AdminDTO
2025-04-07 20:08:03 DEBUG i.s.v.c.c.ModelConverterContextImpl:90 - resolve [simple type, class java.lang.Long]
2025-04-07 20:08:03 DEBUG i.s.v.c.c.ModelConverterContextImpl:90 - resolve [simple type, class java.lang.String]
2025-04-07 20:08:03 DEBUG i.s.v.c.c.ModelConverterContextImpl:90 - resolve [collection type; class java.util.List, contains [simple type, class java.lang.Long]]
2025-04-07 20:08:03 DEBUG i.s.v.c.c.ModelConverterContextImpl:90 - resolve java.util.List<java.lang.Long>
2025-04-07 20:08:03 DEBUG i.s.v.c.c.ModelConverterContextImpl:90 - resolve [simple type, class java.lang.Long]
2025-04-07 20:08:03 DEBUG i.s.v.c.c.ModelConverterContextImpl:90 - resolve class java.lang.Long
2025-04-07 20:08:03 DEBUG i.s.v.c.c.ModelConverterContextImpl:90 - resolve class com.diplom.restoran.entity.Admin
2025-04-07 20:08:03 DEBUG i.s.v.c.c.ModelConverterContextImpl:90 - resolve [simple type, class java.lang.Long]
2025-04-07 20:08:03 DEBUG i.s.v.c.c.ModelConverterContextImpl:90 - resolve [simple type, class java.lang.String]
2025-04-07 20:08:03 DEBUG i.s.v.c.c.ModelConverterContextImpl:90 - resolve [collection type; class java.util.List, contains [simple type, class com.diplom.restoran.entity.Waiter]]
2025-04-07 20:08:03 DEBUG i.s.v.c.c.ModelConverterContextImpl:90 - resolve [simple type, class com.diplom.restoran.entity.Waiter]
2025-04-07 20:08:03 DEBUG i.s.v.c.c.ModelConverterContextImpl:90 - resolve [collection type; class java.util.List, contains [simple type, class com.diplom.restoran.entity.CustomerOrder]]
2025-04-07 20:08:03 DEBUG i.s.v.c.c.ModelConverterContextImpl:90 - resolve [simple type, class com.diplom.restoran.entity.CustomerOrder]
2025-04-07 20:08:03 DEBUG i.s.v.c.c.ModelConverterContextImpl:90 - resolve [simple type, class com.diplom.restoran.entity.Chef]
2025-04-07 20:08:03 DEBUG i.s.v.c.c.ModelConverterContextImpl:90 - resolve [collection type; class java.util.List, contains [simple type, class com.diplom.restoran.entity.CustomerOrder]]
2025-04-07 20:08:03 DEBUG i.s.v.c.c.ModelConverterContextImpl:90 - resolve [simple type, class com.diplom.restoran.entity.CustomerOrder]
2025-04-07 20:08:03 DEBUG i.s.v.c.c.ModelConverterContextImpl:90 - resolve [simple type, class com.diplom.restoran.entity.Customer]
2025-04-07 20:08:03 DEBUG i.s.v.c.c.ModelConverterContextImpl:90 - resolve [simple type, class com.diplom.restoran.security.models.User]
2025-04-07 20:08:03 DEBUG i.s.v.c.c.ModelConverterContextImpl:90 - resolve [simple type, class java.lang.String]
2025-04-07 20:08:03 DEBUG i.s.v.c.c.ModelConverterContextImpl:90 - resolve [simple type, class java.lang.String]
2025-04-07 20:08:03 DEBUG i.s.v.c.c.ModelConverterContextImpl:90 - resolve [simple type, class java.lang.String]
2025-04-07 20:08:03 DEBUG i.s.v.c.c.ModelConverterContextImpl:90 - resolve [collection type; class java.util.Set, contains [simple type, class com.diplom.restoran.security.models.Role]]
2025-04-07 20:08:03 DEBUG i.s.v.c.c.ModelConverterContextImpl:90 - resolve [simple type, class com.diplom.restoran.security.models.Role]
2025-04-07 20:08:03 DEBUG i.s.v.c.c.ModelConverterContextImpl:90 - resolve [simple type, class java.lang.Integer]
2025-04-07 20:08:03 DEBUG i.s.v.c.c.ModelConverterContextImpl:90 - resolve [simple type, class com.diplom.restoran.security.models.ERole]
2025-04-07 20:08:03 DEBUG i.s.v.c.c.ModelConverterContextImpl:90 - resolve [simple type, class com.diplom.restoran.entity.Waiter]
2025-04-07 20:08:03 DEBUG i.s.v.c.c.ModelConverterContextImpl:90 - resolve [collection type; class java.util.List, contains [simple type, class com.diplom.restoran.entity.Dish]]
2025-04-07 20:08:03 DEBUG i.s.v.c.c.ModelConverterContextImpl:90 - resolve [simple type, class com.diplom.restoran.entity.Dish]
2025-04-07 20:08:03 DEBUG i.s.v.c.c.ModelConverterContextImpl:90 - resolve [simple type, class java.lang.String]
2025-04-07 20:08:03 DEBUG i.s.v.c.c.ModelConverterContextImpl:90 - resolve [simple type, class java.lang.Double]
2025-04-07 20:08:03 DEBUG i.s.v.c.c.ModelConverterContextImpl:90 - resolve [simple type, class java.lang.String]
2025-04-07 20:08:03 DEBUG i.s.v.c.c.ModelConverterContextImpl:90 - resolve [simple type, class java.lang.Boolean]
2025-04-07 20:08:03 DEBUG i.s.v.c.c.ModelConverterContextImpl:90 - resolve [simple type, class java.lang.Double]
2025-04-07 20:08:03 DEBUG i.s.v.c.c.ModelConverterContextImpl:90 - resolve [simple type, class java.lang.Boolean]
2025-04-07 20:08:03 DEBUG i.s.v.c.c.ModelConverterContextImpl:90 - resolve [collection type; class java.util.List, contains [simple type, class com.diplom.restoran.entity.Chef]]
2025-04-07 20:08:03 DEBUG i.s.v.c.c.ModelConverterContextImpl:90 - resolve [simple type, class com.diplom.restoran.entity.Chef]
2025-04-07 20:08:03 DEBUG i.s.v.c.c.ModelConverterContextImpl:90 - resolve [collection type; class java.util.List, contains [simple type, class com.diplom.restoran.entity.Dish]]
2025-04-07 20:08:03 DEBUG i.s.v.c.c.ModelConverterContextImpl:90 - resolve [simple type, class com.diplom.restoran.entity.Dish]
2025-04-07 20:08:03 DEBUG i.s.v.c.c.ModelConverterContextImpl:90 - resolve java.util.List<java.lang.Long>
2025-04-07 20:08:03 DEBUG i.s.v.c.c.ModelConverterContextImpl:90 - resolve [simple type, class java.lang.Long]
2025-04-07 20:08:03 DEBUG i.s.v.c.c.ModelConverterContextImpl:90 - resolve class java.lang.Long
2025-04-07 20:08:03 DEBUG i.s.v.c.c.ModelConverterContextImpl:90 - resolve class com.diplom.restoran.entity.Admin
2025-04-07 20:08:03 DEBUG i.s.v.c.c.ModelConverterContextImpl:90 - resolve [simple type, class java.lang.Long]
2025-04-07 20:08:03 DEBUG i.s.v.c.c.ModelConverterContextImpl:90 - resolve [simple type, class java.lang.String]
2025-04-07 20:08:03 DEBUG i.s.v.c.c.ModelConverterContextImpl:90 - resolve [collection type; class java.util.List, contains [simple type, class com.diplom.restoran.entity.Waiter]]
2025-04-07 20:08:03 DEBUG i.s.v.c.c.ModelConverterContextImpl:90 - resolve [simple type, class com.diplom.restoran.entity.Waiter]
2025-04-07 20:08:03 DEBUG i.s.v.c.c.ModelConverterContextImpl:90 - resolve [collection type; class java.util.List, contains [simple type, class com.diplom.restoran.entity.CustomerOrder]]
2025-04-07 20:08:03 DEBUG i.s.v.c.c.ModelConverterContextImpl:90 - resolve [simple type, class com.diplom.restoran.entity.CustomerOrder]
2025-04-07 20:08:03 DEBUG i.s.v.c.c.ModelConverterContextImpl:90 - resolve [simple type, class com.diplom.restoran.entity.Chef]
2025-04-07 20:08:03 DEBUG i.s.v.c.c.ModelConverterContextImpl:90 - resolve [collection type; class java.util.List, contains [simple type, class com.diplom.restoran.entity.CustomerOrder]]
2025-04-07 20:08:03 DEBUG i.s.v.c.c.ModelConverterContextImpl:90 - resolve [simple type, class com.diplom.restoran.entity.CustomerOrder]
2025-04-07 20:08:03 DEBUG i.s.v.c.c.ModelConverterContextImpl:90 - resolve [simple type, class com.diplom.restoran.entity.Customer]
2025-04-07 20:08:03 DEBUG i.s.v.c.c.ModelConverterContextImpl:90 - resolve [simple type, class com.diplom.restoran.security.models.User]
2025-04-07 20:08:03 DEBUG i.s.v.c.c.ModelConverterContextImpl:90 - resolve [simple type, class java.lang.String]
2025-04-07 20:08:03 DEBUG i.s.v.c.c.ModelConverterContextImpl:90 - resolve [simple type, class java.lang.String]
2025-04-07 20:08:03 DEBUG i.s.v.c.c.ModelConverterContextImpl:90 - resolve [simple type, class java.lang.String]
2025-04-07 20:08:03 DEBUG i.s.v.c.c.ModelConverterContextImpl:90 - resolve [collection type; class java.util.Set, contains [simple type, class com.diplom.restoran.security.models.Role]]
2025-04-07 20:08:03 DEBUG i.s.v.c.c.ModelConverterContextImpl:90 - resolve [simple type, class com.diplom.restoran.security.models.Role]
2025-04-07 20:08:03 DEBUG i.s.v.c.c.ModelConverterContextImpl:90 - resolve [simple type, class java.lang.Integer]
2025-04-07 20:08:03 DEBUG i.s.v.c.c.ModelConverterContextImpl:90 - resolve [simple type, class com.diplom.restoran.security.models.ERole]
2025-04-07 20:08:03 DEBUG i.s.v.c.c.ModelConverterContextImpl:90 - resolve [simple type, class com.diplom.restoran.entity.Waiter]
2025-04-07 20:08:03 DEBUG i.s.v.c.c.ModelConverterContextImpl:90 - resolve [collection type; class java.util.List, contains [simple type, class com.diplom.restoran.entity.Dish]]
2025-04-07 20:08:03 DEBUG i.s.v.c.c.ModelConverterContextImpl:90 - resolve [simple type, class com.diplom.restoran.entity.Dish]
2025-04-07 20:08:03 DEBUG i.s.v.c.c.ModelConverterContextImpl:90 - resolve [simple type, class java.lang.String]
2025-04-07 20:08:03 DEBUG i.s.v.c.c.ModelConverterContextImpl:90 - resolve [simple type, class java.lang.Double]
2025-04-07 20:08:03 DEBUG i.s.v.c.c.ModelConverterContextImpl:90 - resolve [simple type, class java.lang.String]
2025-04-07 20:08:03 DEBUG i.s.v.c.c.ModelConverterContextImpl:90 - resolve [simple type, class java.lang.Boolean]
2025-04-07 20:08:03 DEBUG i.s.v.c.c.ModelConverterContextImpl:90 - resolve [simple type, class java.lang.Double]
2025-04-07 20:08:03 DEBUG i.s.v.c.c.ModelConverterContextImpl:90 - resolve [simple type, class java.lang.Boolean]
2025-04-07 20:08:03 DEBUG i.s.v.c.c.ModelConverterContextImpl:90 - resolve [collection type; class java.util.List, contains [simple type, class com.diplom.restoran.entity.Chef]]
2025-04-07 20:08:03 DEBUG i.s.v.c.c.ModelConverterContextImpl:90 - resolve [simple type, class com.diplom.restoran.entity.Chef]
2025-04-07 20:08:03 DEBUG i.s.v.c.c.ModelConverterContextImpl:90 - resolve [collection type; class java.util.List, contains [simple type, class com.diplom.restoran.entity.Dish]]
2025-04-07 20:08:03 DEBUG i.s.v.c.c.ModelConverterContextImpl:90 - resolve [simple type, class com.diplom.restoran.entity.Dish]
2025-04-07 20:08:03 DEBUG i.s.v.c.c.ModelConverterContextImpl:90 - resolve class java.lang.Long
2025-04-07 20:08:03 DEBUG i.s.v.c.c.ModelConverterContextImpl:90 - resolve class java.lang.Long
2025-04-07 20:08:03 DEBUG i.s.v.c.c.ModelConverterContextImpl:90 - resolve class com.diplom.restoran.entity.Waiter
2025-04-07 20:08:03 DEBUG i.s.v.c.c.ModelConverterContextImpl:90 - resolve [simple type, class java.lang.Long]
2025-04-07 20:08:03 DEBUG i.s.v.c.c.ModelConverterContextImpl:90 - resolve [simple type, class java.lang.String]
2025-04-07 20:08:03 DEBUG i.s.v.c.c.ModelConverterContextImpl:90 - resolve [collection type; class java.util.List, contains [simple type, class com.diplom.restoran.entity.CustomerOrder]]
2025-04-07 20:08:03 DEBUG i.s.v.c.c.ModelConverterContextImpl:90 - resolve [simple type, class com.diplom.restoran.entity.CustomerOrder]
2025-04-07 20:08:03 DEBUG i.s.v.c.c.ModelConverterContextImpl:90 - resolve [simple type, class com.diplom.restoran.entity.Chef]
2025-04-07 20:08:03 DEBUG i.s.v.c.c.ModelConverterContextImpl:90 - resolve [collection type; class java.util.List, contains [simple type, class com.diplom.restoran.entity.CustomerOrder]]
2025-04-07 20:08:03 DEBUG i.s.v.c.c.ModelConverterContextImpl:90 - resolve [simple type, class com.diplom.restoran.entity.CustomerOrder]
2025-04-07 20:08:03 DEBUG i.s.v.c.c.ModelConverterContextImpl:90 - resolve [simple type, class com.diplom.restoran.entity.Customer]
2025-04-07 20:08:03 DEBUG i.s.v.c.c.ModelConverterContextImpl:90 - resolve [simple type, class com.diplom.restoran.security.models.User]
2025-04-07 20:08:03 DEBUG i.s.v.c.c.ModelConverterContextImpl:90 - resolve [simple type, class java.lang.String]
2025-04-07 20:08:03 DEBUG i.s.v.c.c.ModelConverterContextImpl:90 - resolve [simple type, class java.lang.String]
2025-04-07 20:08:03 DEBUG i.s.v.c.c.ModelConverterContextImpl:90 - resolve [simple type, class java.lang.String]
2025-04-07 20:08:03 DEBUG i.s.v.c.c.ModelConverterContextImpl:90 - resolve [collection type; class java.util.Set, contains [simple type, class com.diplom.restoran.security.models.Role]]
2025-04-07 20:08:03 DEBUG i.s.v.c.c.ModelConverterContextImpl:90 - resolve [simple type, class com.diplom.restoran.security.models.Role]
2025-04-07 20:08:03 DEBUG i.s.v.c.c.ModelConverterContextImpl:90 - resolve [simple type, class java.lang.Integer]
2025-04-07 20:08:03 DEBUG i.s.v.c.c.ModelConverterContextImpl:90 - resolve [simple type, class com.diplom.restoran.security.models.ERole]
2025-04-07 20:08:03 DEBUG i.s.v.c.c.ModelConverterContextImpl:90 - resolve [simple type, class com.diplom.restoran.entity.Waiter]
2025-04-07 20:08:03 DEBUG i.s.v.c.c.ModelConverterContextImpl:90 - resolve [collection type; class java.util.List, contains [simple type, class com.diplom.restoran.entity.Dish]]
2025-04-07 20:08:03 DEBUG i.s.v.c.c.ModelConverterContextImpl:90 - resolve [simple type, class com.diplom.restoran.entity.Dish]
2025-04-07 20:08:03 DEBUG i.s.v.c.c.ModelConverterContextImpl:90 - resolve [simple type, class java.lang.String]
2025-04-07 20:08:03 DEBUG i.s.v.c.c.ModelConverterContextImpl:90 - resolve [simple type, class java.lang.Double]
2025-04-07 20:08:03 DEBUG i.s.v.c.c.ModelConverterContextImpl:90 - resolve [simple type, class java.lang.String]
2025-04-07 20:08:03 DEBUG i.s.v.c.c.ModelConverterContextImpl:90 - resolve [simple type, class java.lang.Boolean]
2025-04-07 20:08:03 DEBUG i.s.v.c.c.ModelConverterContextImpl:90 - resolve [simple type, class java.lang.Double]
2025-04-07 20:08:03 DEBUG i.s.v.c.c.ModelConverterContextImpl:90 - resolve [simple type, class java.lang.Boolean]
2025-04-07 20:08:03 DEBUG i.s.v.c.c.ModelConverterContextImpl:90 - resolve class java.lang.Long
2025-04-07 20:08:03 DEBUG i.s.v.c.c.ModelConverterContextImpl:90 - resolve class java.lang.Long
2025-04-07 20:08:03 DEBUG i.s.v.c.c.ModelConverterContextImpl:90 - resolve class java.lang.Long
2025-04-07 20:08:03 DEBUG i.s.v.c.c.ModelConverterContextImpl:90 - resolve class com.diplom.restoran.entity.Customer
2025-04-07 20:08:03 DEBUG i.s.v.c.c.ModelConverterContextImpl:90 - resolve [simple type, class java.lang.Long]
2025-04-07 20:08:03 DEBUG i.s.v.c.c.ModelConverterContextImpl:90 - resolve [simple type, class java.lang.String]
2025-04-07 20:08:03 DEBUG i.s.v.c.c.ModelConverterContextImpl:90 - resolve [collection type; class java.util.List, contains [simple type, class com.diplom.restoran.entity.CustomerOrder]]
2025-04-07 20:08:03 DEBUG i.s.v.c.c.ModelConverterContextImpl:90 - resolve [simple type, class com.diplom.restoran.entity.CustomerOrder]
2025-04-07 20:08:03 DEBUG i.s.v.c.c.ModelConverterContextImpl:90 - resolve [simple type, class com.diplom.restoran.entity.Chef]
2025-04-07 20:08:03 DEBUG i.s.v.c.c.ModelConverterContextImpl:90 - resolve [collection type; class java.util.List, contains [simple type, class com.diplom.restoran.entity.CustomerOrder]]
2025-04-07 20:08:03 DEBUG i.s.v.c.c.ModelConverterContextImpl:90 - resolve [simple type, class com.diplom.restoran.entity.CustomerOrder]
2025-04-07 20:08:03 DEBUG i.s.v.c.c.ModelConverterContextImpl:90 - resolve [simple type, class com.diplom.restoran.entity.Customer]
2025-04-07 20:08:03 DEBUG i.s.v.c.c.ModelConverterContextImpl:90 - resolve [simple type, class com.diplom.restoran.security.models.User]
2025-04-07 20:08:03 DEBUG i.s.v.c.c.ModelConverterContextImpl:90 - resolve [simple type, class java.lang.String]
2025-04-07 20:08:03 DEBUG i.s.v.c.c.ModelConverterContextImpl:90 - resolve [simple type, class java.lang.String]
2025-04-07 20:08:03 DEBUG i.s.v.c.c.ModelConverterContextImpl:90 - resolve [simple type, class java.lang.String]
2025-04-07 20:08:03 DEBUG i.s.v.c.c.ModelConverterContextImpl:90 - resolve [collection type; class java.util.Set, contains [simple type, class com.diplom.restoran.security.models.Role]]
2025-04-07 20:08:03 DEBUG i.s.v.c.c.ModelConverterContextImpl:90 - resolve [simple type, class com.diplom.restoran.security.models.Role]
2025-04-07 20:08:03 DEBUG i.s.v.c.c.ModelConverterContextImpl:90 - resolve [simple type, class java.lang.Integer]
2025-04-07 20:08:03 DEBUG i.s.v.c.c.ModelConverterContextImpl:90 - resolve [simple type, class com.diplom.restoran.security.models.ERole]
2025-04-07 20:08:03 DEBUG i.s.v.c.c.ModelConverterContextImpl:90 - resolve [simple type, class com.diplom.restoran.entity.Waiter]
2025-04-07 20:08:03 DEBUG i.s.v.c.c.ModelConverterContextImpl:90 - resolve [collection type; class java.util.List, contains [simple type, class com.diplom.restoran.entity.Dish]]
2025-04-07 20:08:03 DEBUG i.s.v.c.c.ModelConverterContextImpl:90 - resolve [simple type, class com.diplom.restoran.entity.Dish]
2025-04-07 20:08:03 DEBUG i.s.v.c.c.ModelConverterContextImpl:90 - resolve [simple type, class java.lang.String]
2025-04-07 20:08:03 DEBUG i.s.v.c.c.ModelConverterContextImpl:90 - resolve [simple type, class java.lang.Double]
2025-04-07 20:08:03 DEBUG i.s.v.c.c.ModelConverterContextImpl:90 - resolve [simple type, class java.lang.String]
2025-04-07 20:08:03 DEBUG i.s.v.c.c.ModelConverterContextImpl:90 - resolve [simple type, class java.lang.Boolean]
2025-04-07 20:08:03 DEBUG i.s.v.c.c.ModelConverterContextImpl:90 - resolve [simple type, class java.lang.Double]
2025-04-07 20:08:03 DEBUG i.s.v.c.c.ModelConverterContextImpl:90 - resolve [simple type, class java.lang.Boolean]
2025-04-07 20:08:03 INFO  o.s.a.AbstractOpenApiResource:409 - Init duration for springdoc-openapi is: 852 ms
2025-04-07 20:16:40 INFO  c.d.r.s.c.AuthController:59 - Вход в систему admin
2025-04-07 20:16:40 INFO  c.d.r.s.c.AuthController:69 - Вход в систему admin [ROLE_ADMIN]
2025-04-07 20:24:14 ERROR c.d.r.s.j.AuthEntryPointJwt:26 - Unauthorized error: Full authentication is required to access this resource
2025-04-07 20:26:15 ERROR c.d.r.s.j.AuthEntryPointJwt:26 - Unauthorized error: Full authentication is required to access this resource
2025-04-07 20:27:39 INFO  c.d.r.s.AdminService:35 - getAllAdmins
2025-04-07 20:28:18 INFO  c.d.r.s.WaiterService:66 - saveWaiter
2025-04-07 20:30:15 ERROR c.d.r.s.j.AuthEntryPointJwt:26 - Unauthorized error: Full authentication is required to access this resource
2025-04-07 20:30:23 ERROR c.d.r.s.j.AuthEntryPointJwt:26 - Unauthorized error: Full authentication is required to access this resource
2025-04-07 20:30:35 ERROR c.d.r.s.j.AuthEntryPointJwt:26 - Unauthorized error: Full authentication is required to access this resource
2025-04-07 20:35:20 INFO  c.d.r.c.DishController:36 - Запрос на получение всех блюд admin
2025-04-07 20:39:45 DEBUG o.s.a.AbstractOpenApiResource:413 - Fetching openApi document from cache
2025-04-07 20:39:52 DEBUG o.j.logging:164 - Logging Provider: org.jboss.logging.Slf4jLoggerProvider found via system property
2025-04-07 20:39:52 INFO  c.d.r.RestoranApplication:53 - Starting RestoranApplication using Java 17.0.12 with PID 21704 (E:\Restoran\build\classes\java\main started by Тимур in E:\Restoran)
2025-04-07 20:39:52 DEBUG c.d.r.RestoranApplication:54 - Running with Spring Boot v3.4.2, Spring v6.2.2
2025-04-07 20:39:52 INFO  c.d.r.RestoranApplication:652 - No active profile set, falling back to 1 default profile: "default"
2025-04-07 20:39:55 DEBUG c.d.r.s.j.AuthTokenFilter:240 - Filter 'authenticationJwtTokenFilter' configured for use
2025-04-07 20:39:56 DEBUG _.s.w.s.H.Mappings:294 - 
	c.d.r.c.AdminController:
	{GET [/api/admins/{id}]}: findById(long)
	{GET [/api/admins]}: getAllAdmins()
	{GET [/api/admins/chefs/{adminId}]}: saveChefToAdmin(List,Long)
	{POST [/api/admins]}: saveAdmin(AdminDTO)
	{GET [/api/admins/waiters/{adminId}]}: saveWaitersToAdmin(List,Long)
2025-04-07 20:39:56 DEBUG _.s.w.s.H.Mappings:294 - 
	c.d.r.c.ChefController:
	{GET [/api/chef]}: findAllChefs()
	{POST [/api/chef]}: saveChef(ChefDTO)
	{GET [/api/chef/{id}]}: findChefById(Long)
	{GET [/api/chef/waitersIsNull]}: getOrdersWithNullWaiter(Long)
	{GET [/api/chef/chefsIsNull]}: getOrdersWithNullChef(Long)
	{GET [/api/chef/{customerOrderId}/{chefId}]}: saveCustomerOrderToChef(Long,Long)
	{GET [/api/chef/waitersAndChefsNull]}: getOrdersWithNullWaiterAndChef(Long)
2025-04-07 20:39:56 DEBUG _.s.w.s.H.Mappings:294 - 
	c.d.r.c.CustomerController:
	{GET [/api/customers]}: getCustomers()
	{GET [/api/customers/me]}: getCurrentCustomer()
	{POST [/api/customers]}: saveCustomer(CustomerDTO)
	{GET [/api/customers/custmerorder/{orderId}/{customerOrderId}]}: saveCustomerOrderToCustomer(Long,Long)
	{GET [/api/customers/getTotalAmount/{customerOrderId}]}: setAllPriceTotalAmount(Long)
	{DELETE [/api/customers/custmerorder/{customerId}/{customerOrderId}]}: removeCustomerOrderFromCustomer(Long,Long)
2025-04-07 20:39:56 DEBUG _.s.w.s.H.Mappings:294 - 
	c.d.r.c.CustomerOrderController:
	{POST [/api/customerOrders/DTO/1]}: saveCustomerOrder1(CustomerOrderDTO)
	{GET [/api/customerOrders/addWaiterToCustomerOrder{customerOrderId}/addWaiter/{waiterId}]}: addWaiter(Long,Long)
	{POST [/api/customerOrders/DTO]}: saveCustomerOrder(CustomerOrderDTO)
	{GET [/api/customerOrders/paidIsTrueId/{customerOrderId}]}: paidIsTrueId(Long)
	{GET [/api/customerOrders/addChefToCustomerOrder{customerOrderId}/addWaiter/{chefId}]}: addChef(Long,Long)
	{GET [/api/customerOrders/totalAmountCustomerOrder]}: setAllPriceTotalAmount(Long)
	{GET [/api/customerOrders/customerOrderWithNullChef]}: customerOrderWithNullChef()
	{GET [/api/customerOrders/customerOrderWithNullWaiter]}: customerOrderWithNullWaiter()
	{POST [/api/customerOrders]}: createCustomerOrder(CustomerOrder)
	{GET [/api/customerOrders]}: getAllCustomerOrders()
2025-04-07 20:39:56 DEBUG _.s.w.s.H.Mappings:294 - 
	c.d.r.c.DishController:
	{GET [/api/dishes]}: getAllDishes()
	{DELETE [/api/dishes/{id}]}: deleteDish(Long)
	{POST [/api/dishes]}: saveDish(DishDTO)
	{GET [/api/dishes/{id}]}: findDishById(long)
	{GET [/api/dishes/underPrice]}: getDishesUnderPrice(Double)
2025-04-07 20:39:56 DEBUG _.s.w.s.H.Mappings:294 - 
	c.d.r.c.WaiterController:
	{GET [/api/waiter]}: getWaiters()
	{POST [/api/waiter]}: saveWaiter(WaiterDTO)
	{GET [/api/waiter/addToCustomerOrder/{waiterId}/{customerOrderId}]}: addToCustomerOrder(Long,Long)
	{DELETE [/api/waiter/custmerorder/{waiterId}/{customerOrderIds}]}: removeCustomerOrderFromWaiter(Long,Long)
	{GET [/api/waiter/custmerorder/{waiterId}/{customerOrderIds}]}: saveCustomerOrderToWaiter(Long,Long)
2025-04-07 20:39:56 DEBUG _.s.w.s.H.Mappings:294 - 
	c.d.r.s.c.AuthController:
	{POST [/api/auth/signin]}: authenticateUser(LoginRequest)
	{POST [/api/auth/signup]}: registerUser(SignupRequest)
2025-04-07 20:39:56 DEBUG _.s.w.s.H.Mappings:294 - 
	o.s.b.a.w.s.e.BasicErrorController:
	{ [/error]}: error(HttpServletRequest)
	{ [/error], produces [text/html]}: errorHtml(HttpServletRequest,HttpServletResponse)
2025-04-07 20:39:56 DEBUG _.s.w.s.H.Mappings:294 - 
	o.s.w.a.OpenApiWebMvcResource:
	{GET [/v3/api-docs], produces [application/json]}: openapiJson(HttpServletRequest,String,Locale)
	{GET [/v3/api-docs.yaml], produces [application/vnd.oai.openapi]}: openapiYaml(HttpServletRequest,String,Locale)
2025-04-07 20:39:56 DEBUG _.s.w.s.H.Mappings:294 - 
	o.s.w.u.SwaggerWelcomeWebMvc:
	{GET [/swagger-ui.html]}: redirectToUi(HttpServletRequest)
2025-04-07 20:39:56 DEBUG _.s.w.s.H.Mappings:294 - 
	o.s.w.u.SwaggerConfigResource:
	{GET [/v3/api-docs/swagger-config], produces [application/json]}: openapiJson(HttpServletRequest)
2025-04-07 20:39:56 DEBUG _.s.w.s.H.Mappings:86 - 'beanNameHandlerMapping' {}
2025-04-07 20:39:56 DEBUG _.s.w.s.H.Mappings:176 - 'resourceHandlerMapping' {/webjars/**=ResourceHttpRequestHandler [classpath [META-INF/resources/webjars/]], /**=ResourceHttpRequestHandler [classpath [META-INF/resources/], classpath [resources/], classpath [static/], classpath [public/], ServletContext [/]], /swagger-ui*/*swagger-initializer.js=ResourceHttpRequestHandler [classpath [META-INF/resources/webjars/]], /swagger-ui*/**=ResourceHttpRequestHandler [classpath [META-INF/resources/webjars/]]}
2025-04-07 20:39:57 INFO  c.d.r.RestoranApplication:59 - Started RestoranApplication in 5.296 seconds (process running for 5.766)
2025-04-07 20:40:19 INFO  c.d.r.s.c.AuthController:59 - Вход в систему admin
2025-04-07 20:40:19 INFO  c.d.r.s.c.AuthController:69 - Вход в систему admin [ROLE_ADMIN]
2025-04-07 20:40:45 INFO  c.d.r.c.DishController:35 - Запрос на получение всех блюд admin
2025-04-07 20:43:08 INFO  c.d.r.s.AdminService:35 - getAllAdmins
2025-04-07 20:44:16 INFO  c.d.r.c.AdminController:43 - Запрос на создание нового Amdin: admin, 
2025-04-07 20:44:16 INFO  c.d.r.s.AdminService:55 - saveAdmin
2025-04-07 20:45:00 INFO  c.d.r.c.CustomerController:45 - Запрос на получение всех клиентов admin
2025-04-07 20:45:00 INFO  c.d.r.s.CustomerService:27 - Get all customers
2025-04-07 20:45:31 ERROR c.d.r.s.j.AuthEntryPointJwt:26 - Unauthorized error: Full authentication is required to access this resource
2025-04-07 20:46:11 INFO  c.d.r.c.CustomerController:45 - Запрос на получение всех клиентов admin
2025-04-07 20:46:11 INFO  c.d.r.s.CustomerService:27 - Get all customers
2025-04-07 20:46:16 INFO  c.d.r.s.CustomerService:46 - Save customer
2025-04-07 20:47:09 ERROR c.d.r.s.j.AuthEntryPointJwt:26 - Unauthorized error: Full authentication is required to access this resource
2025-04-07 20:48:57 ERROR c.d.r.s.j.AuthEntryPointJwt:26 - Unauthorized error: Full authentication is required to access this resource
2025-04-07 20:49:26 INFO  c.d.r.c.CustomerOrderController:112 - Запрос на получение всех заказов admin
2025-04-07 20:50:09 DEBUG o.j.logging:164 - Logging Provider: org.jboss.logging.Slf4jLoggerProvider found via system property
2025-04-07 20:50:09 INFO  c.d.r.RestoranApplication:53 - Starting RestoranApplication using Java 17.0.12 with PID 29036 (E:\Restoran\build\classes\java\main started by Тимур in E:\Restoran)
2025-04-07 20:50:09 DEBUG c.d.r.RestoranApplication:54 - Running with Spring Boot v3.4.2, Spring v6.2.2
2025-04-07 20:50:09 INFO  c.d.r.RestoranApplication:652 - No active profile set, falling back to 1 default profile: "default"
2025-04-07 20:50:12 DEBUG c.d.r.s.j.AuthTokenFilter:240 - Filter 'authenticationJwtTokenFilter' configured for use
2025-04-07 20:50:13 DEBUG _.s.w.s.H.Mappings:294 - 
	c.d.r.c.AdminController:
	{GET [/api/admins/{id}]}: findById(long)
	{POST [/api/admins]}: saveAdmin(AdminDTO)
	{GET [/api/admins]}: getAllAdmins()
	{GET [/api/admins/chefs/{adminId}]}: saveChefToAdmin(List,Long)
	{GET [/api/admins/waiters/{adminId}]}: saveWaitersToAdmin(List,Long)
2025-04-07 20:50:13 DEBUG _.s.w.s.H.Mappings:294 - 
	c.d.r.c.ChefController:
	{GET [/api/chef/waitersIsNull]}: getOrdersWithNullWaiter(Long)
	{GET [/api/chef/waitersAndChefsNull]}: getOrdersWithNullWaiterAndChef(Long)
	{GET [/api/chef/chefsIsNull]}: getOrdersWithNullChef(Long)
	{GET [/api/chef/{customerOrderId}/{chefId}]}: saveCustomerOrderToChef(Long,Long)
	{POST [/api/chef]}: saveChef(ChefDTO)
	{GET [/api/chef/{id}]}: findChefById(Long)
	{GET [/api/chef]}: findAllChefs()
2025-04-07 20:50:13 DEBUG _.s.w.s.H.Mappings:294 - 
	c.d.r.c.CustomerController:
	{GET [/api/customers/getTotalAmount/{customerOrderId}]}: setAllPriceTotalAmount(Long)
	{GET [/api/customers/custmerorder/{orderId}/{customerOrderId}]}: saveCustomerOrderToCustomer(Long,Long)
	{DELETE [/api/customers/custmerorder/{customerId}/{customerOrderId}]}: removeCustomerOrderFromCustomer(Long,Long)
	{POST [/api/customers]}: saveCustomer(CustomerDTO)
	{GET [/api/customers/me]}: getCurrentCustomer()
	{GET [/api/customers]}: getCustomers()
2025-04-07 20:50:13 DEBUG _.s.w.s.H.Mappings:294 - 
	c.d.r.c.CustomerOrderController:
	{GET [/api/customerOrders/totalAmountCustomerOrder]}: setAllPriceTotalAmount(Long)
	{POST [/api/customerOrders]}: createCustomerOrder(CustomerOrder)
	{GET [/api/customerOrders/customerOrderWithNullWaiter]}: customerOrderWithNullWaiter()
	{GET [/api/customerOrders/customerOrderWithNullChef]}: customerOrderWithNullChef()
	{GET [/api/customerOrders]}: getAllCustomerOrders()
	{POST [/api/customerOrders/DTO/1]}: saveCustomerOrder1(CustomerOrderDTO)
	{GET [/api/customerOrders/addChefToCustomerOrder{customerOrderId}/addWaiter/{chefId}]}: addChef(Long,Long)
	{GET [/api/customerOrders/addWaiterToCustomerOrder{customerOrderId}/addWaiter/{waiterId}]}: addWaiter(Long,Long)
	{POST [/api/customerOrders/DTO]}: saveCustomerOrder(CustomerOrderDTO)
	{GET [/api/customerOrders/paidIsTrueId/{customerOrderId}]}: paidIsTrueId(Long)
2025-04-07 20:50:13 DEBUG _.s.w.s.H.Mappings:294 - 
	c.d.r.c.DishController:
	{DELETE [/api/dishes/{id}]}: deleteDish(Long)
	{GET [/api/dishes]}: getAllDishes()
	{POST [/api/dishes]}: saveDish(DishDTO)
	{GET [/api/dishes/underPrice]}: getDishesUnderPrice(Double)
	{GET [/api/dishes/{id}]}: findDishById(long)
2025-04-07 20:50:13 DEBUG _.s.w.s.H.Mappings:294 - 
	c.d.r.c.WaiterController:
	{GET [/api/waiter/custmerorder/{waiterId}/{customerOrderIds}]}: saveCustomerOrderToWaiter(Long,Long)
	{DELETE [/api/waiter/custmerorder/{waiterId}/{customerOrderIds}]}: removeCustomerOrderFromWaiter(Long,Long)
	{GET [/api/waiter]}: getWaiters()
	{POST [/api/waiter]}: saveWaiter(WaiterDTO)
	{GET [/api/waiter/addToCustomerOrder/{waiterId}/{customerOrderId}]}: addToCustomerOrder(Long,Long)
2025-04-07 20:50:13 DEBUG _.s.w.s.H.Mappings:294 - 
	c.d.r.s.c.AuthController:
	{POST [/api/auth/signup]}: registerUser(SignupRequest)
	{POST [/api/auth/signin]}: authenticateUser(LoginRequest)
2025-04-07 20:50:13 DEBUG _.s.w.s.H.Mappings:294 - 
	o.s.b.a.w.s.e.BasicErrorController:
	{ [/error]}: error(HttpServletRequest)
	{ [/error], produces [text/html]}: errorHtml(HttpServletRequest,HttpServletResponse)
2025-04-07 20:50:13 DEBUG _.s.w.s.H.Mappings:294 - 
	o.s.w.a.OpenApiWebMvcResource:
	{GET [/v3/api-docs], produces [application/json]}: openapiJson(HttpServletRequest,String,Locale)
	{GET [/v3/api-docs.yaml], produces [application/vnd.oai.openapi]}: openapiYaml(HttpServletRequest,String,Locale)
2025-04-07 20:50:13 DEBUG _.s.w.s.H.Mappings:294 - 
	o.s.w.u.SwaggerWelcomeWebMvc:
	{GET [/swagger-ui.html]}: redirectToUi(HttpServletRequest)
2025-04-07 20:50:13 DEBUG _.s.w.s.H.Mappings:294 - 
	o.s.w.u.SwaggerConfigResource:
	{GET [/v3/api-docs/swagger-config], produces [application/json]}: openapiJson(HttpServletRequest)
2025-04-07 20:50:13 DEBUG _.s.w.s.H.Mappings:86 - 'beanNameHandlerMapping' {}
2025-04-07 20:50:13 DEBUG _.s.w.s.H.Mappings:176 - 'resourceHandlerMapping' {/webjars/**=ResourceHttpRequestHandler [classpath [META-INF/resources/webjars/]], /**=ResourceHttpRequestHandler [classpath [META-INF/resources/], classpath [resources/], classpath [static/], classpath [public/], ServletContext [/]], /swagger-ui*/*swagger-initializer.js=ResourceHttpRequestHandler [classpath [META-INF/resources/webjars/]], /swagger-ui*/**=ResourceHttpRequestHandler [classpath [META-INF/resources/webjars/]]}
2025-04-07 20:50:14 INFO  c.d.r.RestoranApplication:59 - Started RestoranApplication in 5.357 seconds (process running for 5.758)
2025-04-07 20:50:28 INFO  c.d.r.s.ChefService:33 - getAllChefs
2025-04-07 20:50:43 INFO  c.d.r.s.ChefService:37 - Saving chef
2025-04-07 20:51:45 INFO  c.d.r.c.DishController:35 - Запрос на получение всех блюд admin
2025-04-07 20:54:00 INFO  c.d.r.c.CustomerOrderController:112 - Запрос на получение всех заказов admin
2025-04-07 20:55:04 INFO  c.d.r.c.CustomerController:45 - Запрос на получение всех клиентов admin
2025-04-07 20:55:04 INFO  c.d.r.s.CustomerService:27 - Get all customers
2025-04-07 20:55:25 ERROR c.d.r.s.j.AuthEntryPointJwt:26 - Unauthorized error: Full authentication is required to access this resource
2025-04-07 20:55:36 ERROR c.d.r.s.j.AuthEntryPointJwt:26 - Unauthorized error: Full authentication is required to access this resource
2025-04-07 20:55:58 ERROR c.d.r.s.j.AuthEntryPointJwt:26 - Unauthorized error: Full authentication is required to access this resource
2025-04-07 20:56:00 ERROR c.d.r.s.j.AuthEntryPointJwt:26 - Unauthorized error: Full authentication is required to access this resource
2025-04-07 20:56:08 ERROR c.d.r.s.j.AuthEntryPointJwt:26 - Unauthorized error: Full authentication is required to access this resource
2025-04-07 20:58:00 DEBUG i.s.v.c.c.ModelConverterContextImpl:90 - resolve class org.springdoc.api.ErrorMessage
2025-04-07 20:58:00 DEBUG i.s.v.c.c.ModelConverterContextImpl:90 - resolve [simple type, class java.util.UUID]
2025-04-07 20:58:01 DEBUG i.s.v.c.c.ModelConverterContextImpl:90 - resolve [simple type, class java.lang.String]
2025-04-07 20:58:01 DEBUG i.s.v.c.c.ModelConverterContextImpl:90 - resolve class org.springdoc.api.ErrorMessage
2025-04-07 20:58:01 DEBUG i.s.v.c.c.ModelConverterContextImpl:90 - resolve [simple type, class java.util.UUID]
2025-04-07 20:58:01 DEBUG i.s.v.c.c.ModelConverterContextImpl:90 - resolve [simple type, class java.lang.String]
2025-04-07 20:58:01 DEBUG i.s.v.c.c.ModelConverterContextImpl:90 - resolve class com.diplom.restoran.dto.WaiterDTO
2025-04-07 20:58:01 DEBUG i.s.v.c.c.ModelConverterContextImpl:90 - resolve [simple type, class java.lang.Long]
2025-04-07 20:58:01 DEBUG i.s.v.c.c.ModelConverterContextImpl:90 - resolve [simple type, class java.lang.String]
2025-04-07 20:58:01 DEBUG i.s.v.c.c.ModelConverterContextImpl:90 - resolve [collection type; class java.util.List, contains [simple type, class java.lang.Long]]
2025-04-07 20:58:01 DEBUG i.s.v.c.c.ModelConverterContextImpl:90 - resolve class com.diplom.restoran.dto.DishDTO
2025-04-07 20:58:01 DEBUG i.s.v.c.c.ModelConverterContextImpl:90 - resolve [simple type, class java.lang.Long]
2025-04-07 20:58:01 DEBUG i.s.v.c.c.ModelConverterContextImpl:90 - resolve [simple type, class java.lang.String]
2025-04-07 20:58:01 DEBUG i.s.v.c.c.ModelConverterContextImpl:90 - resolve [simple type, class java.lang.Double]
2025-04-07 20:58:01 DEBUG i.s.v.c.c.ModelConverterContextImpl:90 - resolve [simple type, class java.lang.Boolean]
2025-04-07 20:58:01 DEBUG i.s.v.c.c.ModelConverterContextImpl:90 - resolve [collection type; class java.util.List, contains [simple type, class java.lang.Long]]
2025-04-07 20:58:01 DEBUG i.s.v.c.c.ModelConverterContextImpl:90 - resolve class com.diplom.restoran.dto.CustomerDTO
2025-04-07 20:58:01 DEBUG i.s.v.c.c.ModelConverterContextImpl:90 - resolve [simple type, class java.lang.Long]
2025-04-07 20:58:01 DEBUG i.s.v.c.c.ModelConverterContextImpl:90 - resolve [simple type, class java.lang.String]
2025-04-07 20:58:01 DEBUG i.s.v.c.c.ModelConverterContextImpl:90 - resolve [collection type; class java.util.List, contains [simple type, class java.lang.Long]]
2025-04-07 20:58:01 DEBUG i.s.v.c.c.ModelConverterContextImpl:90 - resolve class com.diplom.restoran.entity.CustomerOrder
2025-04-07 20:58:01 DEBUG i.s.v.c.c.ModelConverterContextImpl:90 - resolve [simple type, class java.lang.Long]
2025-04-07 20:58:01 DEBUG i.s.v.c.c.ModelConverterContextImpl:90 - resolve [simple type, class com.diplom.restoran.entity.Chef]
2025-04-07 20:58:01 DEBUG i.s.v.c.c.ModelConverterContextImpl:90 - resolve [simple type, class java.lang.String]
2025-04-07 20:58:01 DEBUG i.s.v.c.c.ModelConverterContextImpl:90 - resolve [collection type; class java.util.List, contains [simple type, class com.diplom.restoran.entity.CustomerOrder]]
2025-04-07 20:58:01 DEBUG i.s.v.c.c.ModelConverterContextImpl:90 - resolve [simple type, class com.diplom.restoran.entity.CustomerOrder]
2025-04-07 20:58:01 DEBUG i.s.v.c.c.ModelConverterContextImpl:90 - resolve [simple type, class com.diplom.restoran.entity.Customer]
2025-04-07 20:58:01 DEBUG i.s.v.c.c.ModelConverterContextImpl:90 - resolve [simple type, class com.diplom.restoran.security.models.User]
2025-04-07 20:58:01 DEBUG i.s.v.c.c.ModelConverterContextImpl:90 - resolve [simple type, class java.lang.String]
2025-04-07 20:58:01 DEBUG i.s.v.c.c.ModelConverterContextImpl:90 - resolve [simple type, class java.lang.String]
2025-04-07 20:58:01 DEBUG i.s.v.c.c.ModelConverterContextImpl:90 - resolve [simple type, class java.lang.String]
2025-04-07 20:58:01 DEBUG i.s.v.c.c.ModelConverterContextImpl:90 - resolve [collection type; class java.util.Set, contains [simple type, class com.diplom.restoran.security.models.Role]]
2025-04-07 20:58:01 DEBUG i.s.v.c.c.ModelConverterContextImpl:90 - resolve [simple type, class com.diplom.restoran.security.models.Role]
2025-04-07 20:58:01 DEBUG i.s.v.c.c.ModelConverterContextImpl:90 - resolve [simple type, class java.lang.Integer]
2025-04-07 20:58:01 DEBUG i.s.v.c.c.ModelConverterContextImpl:90 - resolve [simple type, class com.diplom.restoran.security.models.ERole]
2025-04-07 20:58:01 DEBUG i.s.v.c.c.ModelConverterContextImpl:90 - resolve [simple type, class com.diplom.restoran.entity.Waiter]
2025-04-07 20:58:01 DEBUG i.s.v.c.c.ModelConverterContextImpl:90 - resolve [collection type; class java.util.List, contains [simple type, class com.diplom.restoran.entity.Dish]]
2025-04-07 20:58:01 DEBUG i.s.v.c.c.ModelConverterContextImpl:90 - resolve [simple type, class com.diplom.restoran.entity.Dish]
2025-04-07 20:58:01 DEBUG i.s.v.c.c.ModelConverterContextImpl:90 - resolve [simple type, class java.lang.String]
2025-04-07 20:58:01 DEBUG i.s.v.c.c.ModelConverterContextImpl:90 - resolve [simple type, class java.lang.Double]
2025-04-07 20:58:01 DEBUG i.s.v.c.c.ModelConverterContextImpl:90 - resolve [simple type, class java.lang.String]
2025-04-07 20:58:01 DEBUG i.s.v.c.c.ModelConverterContextImpl:90 - resolve [simple type, class java.lang.Boolean]
2025-04-07 20:58:01 DEBUG i.s.v.c.c.ModelConverterContextImpl:90 - resolve [simple type, class java.lang.Double]
2025-04-07 20:58:01 DEBUG i.s.v.c.c.ModelConverterContextImpl:90 - resolve [simple type, class java.lang.Boolean]
2025-04-07 20:58:01 DEBUG i.s.v.c.c.ModelConverterContextImpl:90 - resolve org.springframework.http.ResponseEntity<com.diplom.restoran.entity.CustomerOrder>
2025-04-07 20:58:01 DEBUG i.s.v.c.c.ModelConverterContextImpl:90 - resolve [simple type, class com.diplom.restoran.entity.CustomerOrder]
2025-04-07 20:58:01 DEBUG i.s.v.c.c.ModelConverterContextImpl:90 - resolve [simple type, class java.lang.Long]
2025-04-07 20:58:01 DEBUG i.s.v.c.c.ModelConverterContextImpl:90 - resolve [simple type, class com.diplom.restoran.entity.Chef]
2025-04-07 20:58:01 DEBUG i.s.v.c.c.ModelConverterContextImpl:90 - resolve [simple type, class java.lang.String]
2025-04-07 20:58:01 DEBUG i.s.v.c.c.ModelConverterContextImpl:90 - resolve [collection type; class java.util.List, contains [simple type, class com.diplom.restoran.entity.CustomerOrder]]
2025-04-07 20:58:01 DEBUG i.s.v.c.c.ModelConverterContextImpl:90 - resolve [simple type, class com.diplom.restoran.entity.CustomerOrder]
2025-04-07 20:58:01 DEBUG i.s.v.c.c.ModelConverterContextImpl:90 - resolve [simple type, class com.diplom.restoran.entity.Customer]
2025-04-07 20:58:01 DEBUG i.s.v.c.c.ModelConverterContextImpl:90 - resolve [simple type, class com.diplom.restoran.security.models.User]
2025-04-07 20:58:01 DEBUG i.s.v.c.c.ModelConverterContextImpl:90 - resolve [simple type, class java.lang.String]
2025-04-07 20:58:01 DEBUG i.s.v.c.c.ModelConverterContextImpl:90 - resolve [simple type, class java.lang.String]
2025-04-07 20:58:01 DEBUG i.s.v.c.c.ModelConverterContextImpl:90 - resolve [simple type, class java.lang.String]
2025-04-07 20:58:01 DEBUG i.s.v.c.c.ModelConverterContextImpl:90 - resolve [collection type; class java.util.Set, contains [simple type, class com.diplom.restoran.security.models.Role]]
2025-04-07 20:58:01 DEBUG i.s.v.c.c.ModelConverterContextImpl:90 - resolve [simple type, class com.diplom.restoran.security.models.Role]
2025-04-07 20:58:01 DEBUG i.s.v.c.c.ModelConverterContextImpl:90 - resolve [simple type, class java.lang.Integer]
2025-04-07 20:58:01 DEBUG i.s.v.c.c.ModelConverterContextImpl:90 - resolve [simple type, class com.diplom.restoran.security.models.ERole]
2025-04-07 20:58:01 DEBUG i.s.v.c.c.ModelConverterContextImpl:90 - resolve [simple type, class com.diplom.restoran.entity.Waiter]
2025-04-07 20:58:01 DEBUG i.s.v.c.c.ModelConverterContextImpl:90 - resolve [collection type; class java.util.List, contains [simple type, class com.diplom.restoran.entity.Dish]]
2025-04-07 20:58:01 DEBUG i.s.v.c.c.ModelConverterContextImpl:90 - resolve [simple type, class com.diplom.restoran.entity.Dish]
2025-04-07 20:58:01 DEBUG i.s.v.c.c.ModelConverterContextImpl:90 - resolve [simple type, class java.lang.String]
2025-04-07 20:58:01 DEBUG i.s.v.c.c.ModelConverterContextImpl:90 - resolve [simple type, class java.lang.Double]
2025-04-07 20:58:01 DEBUG i.s.v.c.c.ModelConverterContextImpl:90 - resolve [simple type, class java.lang.String]
2025-04-07 20:58:01 DEBUG i.s.v.c.c.ModelConverterContextImpl:90 - resolve [simple type, class java.lang.Boolean]
2025-04-07 20:58:01 DEBUG i.s.v.c.c.ModelConverterContextImpl:90 - resolve [simple type, class java.lang.Double]
2025-04-07 20:58:01 DEBUG i.s.v.c.c.ModelConverterContextImpl:90 - resolve [simple type, class java.lang.Boolean]
2025-04-07 20:58:01 DEBUG i.s.v.c.c.ModelConverterContextImpl:90 - resolve class com.diplom.restoran.dto.CustomerOrderDTO
2025-04-07 20:58:01 DEBUG i.s.v.c.c.ModelConverterContextImpl:90 - resolve [simple type, class java.lang.Long]
2025-04-07 20:58:01 DEBUG i.s.v.c.c.ModelConverterContextImpl:90 - resolve [simple type, class java.lang.String]
2025-04-07 20:58:01 DEBUG i.s.v.c.c.ModelConverterContextImpl:90 - resolve [collection type; class java.util.List, contains [simple type, class java.lang.Long]]
2025-04-07 20:58:01 DEBUG i.s.v.c.c.ModelConverterContextImpl:90 - resolve [simple type, class java.lang.Double]
2025-04-07 20:58:01 DEBUG i.s.v.c.c.ModelConverterContextImpl:90 - resolve [simple type, class java.lang.Boolean]
2025-04-07 20:58:01 DEBUG i.s.v.c.c.ModelConverterContextImpl:90 - resolve class com.diplom.restoran.entity.CustomerOrder
2025-04-07 20:58:01 DEBUG i.s.v.c.c.ModelConverterContextImpl:90 - resolve [simple type, class java.lang.Long]
2025-04-07 20:58:01 DEBUG i.s.v.c.c.ModelConverterContextImpl:90 - resolve [simple type, class com.diplom.restoran.entity.Chef]
2025-04-07 20:58:01 DEBUG i.s.v.c.c.ModelConverterContextImpl:90 - resolve [simple type, class java.lang.String]
2025-04-07 20:58:01 DEBUG i.s.v.c.c.ModelConverterContextImpl:90 - resolve [collection type; class java.util.List, contains [simple type, class com.diplom.restoran.entity.CustomerOrder]]
2025-04-07 20:58:01 DEBUG i.s.v.c.c.ModelConverterContextImpl:90 - resolve [simple type, class com.diplom.restoran.entity.CustomerOrder]
2025-04-07 20:58:01 DEBUG i.s.v.c.c.ModelConverterContextImpl:90 - resolve [simple type, class com.diplom.restoran.entity.Customer]
2025-04-07 20:58:01 DEBUG i.s.v.c.c.ModelConverterContextImpl:90 - resolve [simple type, class com.diplom.restoran.security.models.User]
2025-04-07 20:58:01 DEBUG i.s.v.c.c.ModelConverterContextImpl:90 - resolve [simple type, class java.lang.String]
2025-04-07 20:58:01 DEBUG i.s.v.c.c.ModelConverterContextImpl:90 - resolve [simple type, class java.lang.String]
2025-04-07 20:58:01 DEBUG i.s.v.c.c.ModelConverterContextImpl:90 - resolve [simple type, class java.lang.String]
2025-04-07 20:58:01 DEBUG i.s.v.c.c.ModelConverterContextImpl:90 - resolve [collection type; class java.util.Set, contains [simple type, class com.diplom.restoran.security.models.Role]]
2025-04-07 20:58:01 DEBUG i.s.v.c.c.ModelConverterContextImpl:90 - resolve [simple type, class com.diplom.restoran.security.models.Role]
2025-04-07 20:58:01 DEBUG i.s.v.c.c.ModelConverterContextImpl:90 - resolve [simple type, class java.lang.Integer]
2025-04-07 20:58:01 DEBUG i.s.v.c.c.ModelConverterContextImpl:90 - resolve [simple type, class com.diplom.restoran.security.models.ERole]
2025-04-07 20:58:01 DEBUG i.s.v.c.c.ModelConverterContextImpl:90 - resolve [simple type, class com.diplom.restoran.entity.Waiter]
2025-04-07 20:58:01 DEBUG i.s.v.c.c.ModelConverterContextImpl:90 - resolve [collection type; class java.util.List, contains [simple type, class com.diplom.restoran.entity.Dish]]
2025-04-07 20:58:01 DEBUG i.s.v.c.c.ModelConverterContextImpl:90 - resolve [simple type, class com.diplom.restoran.entity.Dish]
2025-04-07 20:58:01 DEBUG i.s.v.c.c.ModelConverterContextImpl:90 - resolve [simple type, class java.lang.String]
2025-04-07 20:58:01 DEBUG i.s.v.c.c.ModelConverterContextImpl:90 - resolve [simple type, class java.lang.Double]
2025-04-07 20:58:01 DEBUG i.s.v.c.c.ModelConverterContextImpl:90 - resolve [simple type, class java.lang.String]
2025-04-07 20:58:01 DEBUG i.s.v.c.c.ModelConverterContextImpl:90 - resolve [simple type, class java.lang.Boolean]
2025-04-07 20:58:01 DEBUG i.s.v.c.c.ModelConverterContextImpl:90 - resolve [simple type, class java.lang.Double]
2025-04-07 20:58:01 DEBUG i.s.v.c.c.ModelConverterContextImpl:90 - resolve [simple type, class java.lang.Boolean]
2025-04-07 20:58:01 DEBUG i.s.v.c.c.ModelConverterContextImpl:90 - resolve class com.diplom.restoran.dto.CustomerOrderDTO
2025-04-07 20:58:01 DEBUG i.s.v.c.c.ModelConverterContextImpl:90 - resolve [simple type, class java.lang.Long]
2025-04-07 20:58:01 DEBUG i.s.v.c.c.ModelConverterContextImpl:90 - resolve [simple type, class java.lang.String]
2025-04-07 20:58:01 DEBUG i.s.v.c.c.ModelConverterContextImpl:90 - resolve [collection type; class java.util.List, contains [simple type, class java.lang.Long]]
2025-04-07 20:58:01 DEBUG i.s.v.c.c.ModelConverterContextImpl:90 - resolve [simple type, class java.lang.Double]
2025-04-07 20:58:01 DEBUG i.s.v.c.c.ModelConverterContextImpl:90 - resolve [simple type, class java.lang.Boolean]
2025-04-07 20:58:01 DEBUG i.s.v.c.c.ModelConverterContextImpl:90 - resolve class com.diplom.restoran.entity.CustomerOrder
2025-04-07 20:58:01 DEBUG i.s.v.c.c.ModelConverterContextImpl:90 - resolve [simple type, class java.lang.Long]
2025-04-07 20:58:01 DEBUG i.s.v.c.c.ModelConverterContextImpl:90 - resolve [simple type, class com.diplom.restoran.entity.Chef]
2025-04-07 20:58:01 DEBUG i.s.v.c.c.ModelConverterContextImpl:90 - resolve [simple type, class java.lang.String]
2025-04-07 20:58:01 DEBUG i.s.v.c.c.ModelConverterContextImpl:90 - resolve [collection type; class java.util.List, contains [simple type, class com.diplom.restoran.entity.CustomerOrder]]
2025-04-07 20:58:01 DEBUG i.s.v.c.c.ModelConverterContextImpl:90 - resolve [simple type, class com.diplom.restoran.entity.CustomerOrder]
2025-04-07 20:58:01 DEBUG i.s.v.c.c.ModelConverterContextImpl:90 - resolve [simple type, class com.diplom.restoran.entity.Customer]
2025-04-07 20:58:01 DEBUG i.s.v.c.c.ModelConverterContextImpl:90 - resolve [simple type, class com.diplom.restoran.security.models.User]
2025-04-07 20:58:01 DEBUG i.s.v.c.c.ModelConverterContextImpl:90 - resolve [simple type, class java.lang.String]
2025-04-07 20:58:01 DEBUG i.s.v.c.c.ModelConverterContextImpl:90 - resolve [simple type, class java.lang.String]
2025-04-07 20:58:01 DEBUG i.s.v.c.c.ModelConverterContextImpl:90 - resolve [simple type, class java.lang.String]
2025-04-07 20:58:01 DEBUG i.s.v.c.c.ModelConverterContextImpl:90 - resolve [collection type; class java.util.Set, contains [simple type, class com.diplom.restoran.security.models.Role]]
2025-04-07 20:58:01 DEBUG i.s.v.c.c.ModelConverterContextImpl:90 - resolve [simple type, class com.diplom.restoran.security.models.Role]
2025-04-07 20:58:01 DEBUG i.s.v.c.c.ModelConverterContextImpl:90 - resolve [simple type, class java.lang.Integer]
2025-04-07 20:58:01 DEBUG i.s.v.c.c.ModelConverterContextImpl:90 - resolve [simple type, class com.diplom.restoran.security.models.ERole]
2025-04-07 20:58:01 DEBUG i.s.v.c.c.ModelConverterContextImpl:90 - resolve [simple type, class com.diplom.restoran.entity.Waiter]
2025-04-07 20:58:01 DEBUG i.s.v.c.c.ModelConverterContextImpl:90 - resolve [collection type; class java.util.List, contains [simple type, class com.diplom.restoran.entity.Dish]]
2025-04-07 20:58:01 DEBUG i.s.v.c.c.ModelConverterContextImpl:90 - resolve [simple type, class com.diplom.restoran.entity.Dish]
2025-04-07 20:58:01 DEBUG i.s.v.c.c.ModelConverterContextImpl:90 - resolve [simple type, class java.lang.String]
2025-04-07 20:58:01 DEBUG i.s.v.c.c.ModelConverterContextImpl:90 - resolve [simple type, class java.lang.Double]
2025-04-07 20:58:01 DEBUG i.s.v.c.c.ModelConverterContextImpl:90 - resolve [simple type, class java.lang.String]
2025-04-07 20:58:01 DEBUG i.s.v.c.c.ModelConverterContextImpl:90 - resolve [simple type, class java.lang.Boolean]
2025-04-07 20:58:01 DEBUG i.s.v.c.c.ModelConverterContextImpl:90 - resolve [simple type, class java.lang.Double]
2025-04-07 20:58:01 DEBUG i.s.v.c.c.ModelConverterContextImpl:90 - resolve [simple type, class java.lang.Boolean]
2025-04-07 20:58:01 DEBUG i.s.v.c.c.ModelConverterContextImpl:90 - resolve class com.diplom.restoran.dto.ChefDTO
2025-04-07 20:58:01 DEBUG i.s.v.c.c.ModelConverterContextImpl:90 - resolve [simple type, class java.lang.Long]
2025-04-07 20:58:01 DEBUG i.s.v.c.c.ModelConverterContextImpl:90 - resolve [simple type, class java.lang.String]
2025-04-07 20:58:01 DEBUG i.s.v.c.c.ModelConverterContextImpl:90 - resolve [collection type; class java.util.List, contains [simple type, class java.lang.Long]]
2025-04-07 20:58:01 DEBUG i.s.v.c.c.ModelConverterContextImpl:90 - resolve class com.diplom.restoran.security.request.SignupRequest
2025-04-07 20:58:01 DEBUG i.s.v.c.c.ModelConverterContextImpl:90 - resolve [simple type, class java.lang.String]
2025-04-07 20:58:01 DEBUG i.s.v.c.c.ModelConverterContextImpl:90 - resolve [simple type, class java.lang.String]
2025-04-07 20:58:01 DEBUG i.s.v.c.c.ModelConverterContextImpl:90 - resolve [collection type; class java.util.Set, contains [simple type, class java.lang.String]]
2025-04-07 20:58:01 DEBUG i.s.v.c.c.ModelConverterContextImpl:90 - resolve [simple type, class java.lang.String]
2025-04-07 20:58:01 DEBUG i.s.v.c.c.ModelConverterContextImpl:90 - resolve [simple type, class java.lang.String]
2025-04-07 20:58:01 DEBUG i.s.v.c.c.ModelConverterContextImpl:90 - resolve org.springframework.http.ResponseEntity<?>
2025-04-07 20:58:01 DEBUG i.s.v.c.c.ModelConverterContextImpl:90 - resolve [simple type, class java.lang.Object]
2025-04-07 20:58:01 DEBUG i.s.v.c.c.ModelConverterContextImpl:90 - resolve class com.diplom.restoran.security.request.LoginRequest
2025-04-07 20:58:01 DEBUG i.s.v.c.c.ModelConverterContextImpl:90 - resolve [simple type, class java.lang.String]
2025-04-07 20:58:01 DEBUG i.s.v.c.c.ModelConverterContextImpl:90 - resolve org.springframework.http.ResponseEntity<?>
2025-04-07 20:58:01 DEBUG i.s.v.c.c.ModelConverterContextImpl:90 - resolve [simple type, class java.lang.Object]
2025-04-07 20:58:01 DEBUG i.s.v.c.c.ModelConverterContextImpl:90 - resolve class com.diplom.restoran.dto.AdminDTO
2025-04-07 20:58:01 DEBUG i.s.v.c.c.ModelConverterContextImpl:90 - resolve [simple type, class java.lang.Long]
2025-04-07 20:58:01 DEBUG i.s.v.c.c.ModelConverterContextImpl:90 - resolve [simple type, class java.lang.String]
2025-04-07 20:58:01 DEBUG i.s.v.c.c.ModelConverterContextImpl:90 - resolve [collection type; class java.util.List, contains [simple type, class java.lang.Long]]
2025-04-07 20:58:01 DEBUG i.s.v.c.c.ModelConverterContextImpl:90 - resolve class com.diplom.restoran.dto.WaiterDTO
2025-04-07 20:58:01 DEBUG i.s.v.c.c.ModelConverterContextImpl:90 - resolve [simple type, class java.lang.Long]
2025-04-07 20:58:01 DEBUG i.s.v.c.c.ModelConverterContextImpl:90 - resolve [simple type, class java.lang.String]
2025-04-07 20:58:01 DEBUG i.s.v.c.c.ModelConverterContextImpl:90 - resolve [collection type; class java.util.List, contains [simple type, class java.lang.Long]]
2025-04-07 20:58:01 DEBUG i.s.v.c.c.ModelConverterContextImpl:90 - resolve class java.lang.Long
2025-04-07 20:58:01 DEBUG i.s.v.c.c.ModelConverterContextImpl:90 - resolve class java.lang.Long
2025-04-07 20:58:01 DEBUG i.s.v.c.c.ModelConverterContextImpl:90 - resolve class com.diplom.restoran.entity.Waiter
2025-04-07 20:58:01 DEBUG i.s.v.c.c.ModelConverterContextImpl:90 - resolve [simple type, class java.lang.Long]
2025-04-07 20:58:01 DEBUG i.s.v.c.c.ModelConverterContextImpl:90 - resolve [simple type, class java.lang.String]
2025-04-07 20:58:01 DEBUG i.s.v.c.c.ModelConverterContextImpl:90 - resolve [collection type; class java.util.List, contains [simple type, class com.diplom.restoran.entity.CustomerOrder]]
2025-04-07 20:58:01 DEBUG i.s.v.c.c.ModelConverterContextImpl:90 - resolve [simple type, class com.diplom.restoran.entity.CustomerOrder]
2025-04-07 20:58:01 DEBUG i.s.v.c.c.ModelConverterContextImpl:90 - resolve [simple type, class com.diplom.restoran.entity.Chef]
2025-04-07 20:58:01 DEBUG i.s.v.c.c.ModelConverterContextImpl:90 - resolve [collection type; class java.util.List, contains [simple type, class com.diplom.restoran.entity.CustomerOrder]]
2025-04-07 20:58:01 DEBUG i.s.v.c.c.ModelConverterContextImpl:90 - resolve [simple type, class com.diplom.restoran.entity.CustomerOrder]
2025-04-07 20:58:01 DEBUG i.s.v.c.c.ModelConverterContextImpl:90 - resolve [simple type, class com.diplom.restoran.entity.Customer]
2025-04-07 20:58:01 DEBUG i.s.v.c.c.ModelConverterContextImpl:90 - resolve [simple type, class com.diplom.restoran.security.models.User]
2025-04-07 20:58:01 DEBUG i.s.v.c.c.ModelConverterContextImpl:90 - resolve [simple type, class java.lang.String]
2025-04-07 20:58:01 DEBUG i.s.v.c.c.ModelConverterContextImpl:90 - resolve [simple type, class java.lang.String]
2025-04-07 20:58:01 DEBUG i.s.v.c.c.ModelConverterContextImpl:90 - resolve [simple type, class java.lang.String]
2025-04-07 20:58:01 DEBUG i.s.v.c.c.ModelConverterContextImpl:90 - resolve [collection type; class java.util.Set, contains [simple type, class com.diplom.restoran.security.models.Role]]
2025-04-07 20:58:01 DEBUG i.s.v.c.c.ModelConverterContextImpl:90 - resolve [simple type, class com.diplom.restoran.security.models.Role]
2025-04-07 20:58:01 DEBUG i.s.v.c.c.ModelConverterContextImpl:90 - resolve [simple type, class java.lang.Integer]
2025-04-07 20:58:01 DEBUG i.s.v.c.c.ModelConverterContextImpl:90 - resolve [simple type, class com.diplom.restoran.security.models.ERole]
2025-04-07 20:58:01 DEBUG i.s.v.c.c.ModelConverterContextImpl:90 - resolve [simple type, class com.diplom.restoran.entity.Waiter]
2025-04-07 20:58:01 DEBUG i.s.v.c.c.ModelConverterContextImpl:90 - resolve [collection type; class java.util.List, contains [simple type, class com.diplom.restoran.entity.Dish]]
2025-04-07 20:58:01 DEBUG i.s.v.c.c.ModelConverterContextImpl:90 - resolve [simple type, class com.diplom.restoran.entity.Dish]
2025-04-07 20:58:01 DEBUG i.s.v.c.c.ModelConverterContextImpl:90 - resolve [simple type, class java.lang.String]
2025-04-07 20:58:01 DEBUG i.s.v.c.c.ModelConverterContextImpl:90 - resolve [simple type, class java.lang.Double]
2025-04-07 20:58:01 DEBUG i.s.v.c.c.ModelConverterContextImpl:90 - resolve [simple type, class java.lang.String]
2025-04-07 20:58:01 DEBUG i.s.v.c.c.ModelConverterContextImpl:90 - resolve [simple type, class java.lang.Boolean]
2025-04-07 20:58:01 DEBUG i.s.v.c.c.ModelConverterContextImpl:90 - resolve [simple type, class java.lang.Double]
2025-04-07 20:58:01 DEBUG i.s.v.c.c.ModelConverterContextImpl:90 - resolve [simple type, class java.lang.Boolean]
2025-04-07 20:58:01 DEBUG i.s.v.c.c.ModelConverterContextImpl:90 - resolve class java.lang.Long
2025-04-07 20:58:01 DEBUG i.s.v.c.c.ModelConverterContextImpl:90 - resolve class java.lang.Long
2025-04-07 20:58:01 DEBUG i.s.v.c.c.ModelConverterContextImpl:90 - resolve class com.diplom.restoran.entity.Waiter
2025-04-07 20:58:01 DEBUG i.s.v.c.c.ModelConverterContextImpl:90 - resolve [simple type, class java.lang.Long]
2025-04-07 20:58:01 DEBUG i.s.v.c.c.ModelConverterContextImpl:90 - resolve [simple type, class java.lang.String]
2025-04-07 20:58:01 DEBUG i.s.v.c.c.ModelConverterContextImpl:90 - resolve [collection type; class java.util.List, contains [simple type, class com.diplom.restoran.entity.CustomerOrder]]
2025-04-07 20:58:01 DEBUG i.s.v.c.c.ModelConverterContextImpl:90 - resolve [simple type, class com.diplom.restoran.entity.CustomerOrder]
2025-04-07 20:58:01 DEBUG i.s.v.c.c.ModelConverterContextImpl:90 - resolve [simple type, class com.diplom.restoran.entity.Chef]
2025-04-07 20:58:01 DEBUG i.s.v.c.c.ModelConverterContextImpl:90 - resolve [collection type; class java.util.List, contains [simple type, class com.diplom.restoran.entity.CustomerOrder]]
2025-04-07 20:58:01 DEBUG i.s.v.c.c.ModelConverterContextImpl:90 - resolve [simple type, class com.diplom.restoran.entity.CustomerOrder]
2025-04-07 20:58:01 DEBUG i.s.v.c.c.ModelConverterContextImpl:90 - resolve [simple type, class com.diplom.restoran.entity.Customer]
2025-04-07 20:58:01 DEBUG i.s.v.c.c.ModelConverterContextImpl:90 - resolve [simple type, class com.diplom.restoran.security.models.User]
2025-04-07 20:58:01 DEBUG i.s.v.c.c.ModelConverterContextImpl:90 - resolve [simple type, class java.lang.String]
2025-04-07 20:58:01 DEBUG i.s.v.c.c.ModelConverterContextImpl:90 - resolve [simple type, class java.lang.String]
2025-04-07 20:58:01 DEBUG i.s.v.c.c.ModelConverterContextImpl:90 - resolve [simple type, class java.lang.String]
2025-04-07 20:58:01 DEBUG i.s.v.c.c.ModelConverterContextImpl:90 - resolve [collection type; class java.util.Set, contains [simple type, class com.diplom.restoran.security.models.Role]]
2025-04-07 20:58:01 DEBUG i.s.v.c.c.ModelConverterContextImpl:90 - resolve [simple type, class com.diplom.restoran.security.models.Role]
2025-04-07 20:58:01 DEBUG i.s.v.c.c.ModelConverterContextImpl:90 - resolve [simple type, class java.lang.Integer]
2025-04-07 20:58:01 DEBUG i.s.v.c.c.ModelConverterContextImpl:90 - resolve [simple type, class com.diplom.restoran.security.models.ERole]
2025-04-07 20:58:01 DEBUG i.s.v.c.c.ModelConverterContextImpl:90 - resolve [simple type, class com.diplom.restoran.entity.Waiter]
2025-04-07 20:58:01 DEBUG i.s.v.c.c.ModelConverterContextImpl:90 - resolve [collection type; class java.util.List, contains [simple type, class com.diplom.restoran.entity.Dish]]
2025-04-07 20:58:01 DEBUG i.s.v.c.c.ModelConverterContextImpl:90 - resolve [simple type, class com.diplom.restoran.entity.Dish]
2025-04-07 20:58:01 DEBUG i.s.v.c.c.ModelConverterContextImpl:90 - resolve [simple type, class java.lang.String]
2025-04-07 20:58:01 DEBUG i.s.v.c.c.ModelConverterContextImpl:90 - resolve [simple type, class java.lang.Double]
2025-04-07 20:58:01 DEBUG i.s.v.c.c.ModelConverterContextImpl:90 - resolve [simple type, class java.lang.String]
2025-04-07 20:58:01 DEBUG i.s.v.c.c.ModelConverterContextImpl:90 - resolve [simple type, class java.lang.Boolean]
2025-04-07 20:58:01 DEBUG i.s.v.c.c.ModelConverterContextImpl:90 - resolve [simple type, class java.lang.Double]
2025-04-07 20:58:01 DEBUG i.s.v.c.c.ModelConverterContextImpl:90 - resolve [simple type, class java.lang.Boolean]
2025-04-07 20:58:01 DEBUG i.s.v.c.c.ModelConverterContextImpl:90 - resolve java.util.List<com.diplom.restoran.dto.DishDTO>
2025-04-07 20:58:01 DEBUG i.s.v.c.c.ModelConverterContextImpl:90 - resolve [simple type, class com.diplom.restoran.dto.DishDTO]
2025-04-07 20:58:01 DEBUG i.s.v.c.c.ModelConverterContextImpl:90 - resolve [simple type, class java.lang.Long]
2025-04-07 20:58:01 DEBUG i.s.v.c.c.ModelConverterContextImpl:90 - resolve [simple type, class java.lang.String]
2025-04-07 20:58:01 DEBUG i.s.v.c.c.ModelConverterContextImpl:90 - resolve [simple type, class java.lang.Double]
2025-04-07 20:58:01 DEBUG i.s.v.c.c.ModelConverterContextImpl:90 - resolve [simple type, class java.lang.Boolean]
2025-04-07 20:58:01 DEBUG i.s.v.c.c.ModelConverterContextImpl:90 - resolve [collection type; class java.util.List, contains [simple type, class java.lang.Long]]
2025-04-07 20:58:01 DEBUG i.s.v.c.c.ModelConverterContextImpl:90 - resolve long
2025-04-07 20:58:01 DEBUG i.s.v.c.c.ModelConverterContextImpl:90 - resolve class com.diplom.restoran.dto.DishDTO
2025-04-07 20:58:01 DEBUG i.s.v.c.c.ModelConverterContextImpl:90 - resolve [simple type, class java.lang.Long]
2025-04-07 20:58:01 DEBUG i.s.v.c.c.ModelConverterContextImpl:90 - resolve [simple type, class java.lang.String]
2025-04-07 20:58:01 DEBUG i.s.v.c.c.ModelConverterContextImpl:90 - resolve [simple type, class java.lang.Double]
2025-04-07 20:58:01 DEBUG i.s.v.c.c.ModelConverterContextImpl:90 - resolve [simple type, class java.lang.Boolean]
2025-04-07 20:58:01 DEBUG i.s.v.c.c.ModelConverterContextImpl:90 - resolve [collection type; class java.util.List, contains [simple type, class java.lang.Long]]
2025-04-07 20:58:01 DEBUG i.s.v.c.c.ModelConverterContextImpl:90 - resolve class java.lang.Double
2025-04-07 20:58:01 DEBUG i.s.v.c.c.ModelConverterContextImpl:90 - resolve java.util.List<com.diplom.restoran.dto.DishDTO>
2025-04-07 20:58:01 DEBUG i.s.v.c.c.ModelConverterContextImpl:90 - resolve [simple type, class com.diplom.restoran.dto.DishDTO]
2025-04-07 20:58:01 DEBUG i.s.v.c.c.ModelConverterContextImpl:90 - resolve [simple type, class java.lang.Long]
2025-04-07 20:58:01 DEBUG i.s.v.c.c.ModelConverterContextImpl:90 - resolve [simple type, class java.lang.String]
2025-04-07 20:58:01 DEBUG i.s.v.c.c.ModelConverterContextImpl:90 - resolve [simple type, class java.lang.Double]
2025-04-07 20:58:01 DEBUG i.s.v.c.c.ModelConverterContextImpl:90 - resolve [simple type, class java.lang.Boolean]
2025-04-07 20:58:01 DEBUG i.s.v.c.c.ModelConverterContextImpl:90 - resolve [collection type; class java.util.List, contains [simple type, class java.lang.Long]]
2025-04-07 20:58:01 DEBUG i.s.v.c.c.ModelConverterContextImpl:90 - resolve java.util.List<com.diplom.restoran.dto.CustomerDTO>
2025-04-07 20:58:01 DEBUG i.s.v.c.c.ModelConverterContextImpl:90 - resolve [simple type, class com.diplom.restoran.dto.CustomerDTO]
2025-04-07 20:58:01 DEBUG i.s.v.c.c.ModelConverterContextImpl:90 - resolve [simple type, class java.lang.Long]
2025-04-07 20:58:01 DEBUG i.s.v.c.c.ModelConverterContextImpl:90 - resolve [simple type, class java.lang.String]
2025-04-07 20:58:01 DEBUG i.s.v.c.c.ModelConverterContextImpl:90 - resolve [collection type; class java.util.List, contains [simple type, class java.lang.Long]]
2025-04-07 20:58:01 DEBUG i.s.v.c.c.ModelConverterContextImpl:90 - resolve org.springframework.http.ResponseEntity<?>
2025-04-07 20:58:01 DEBUG i.s.v.c.c.ModelConverterContextImpl:90 - resolve [simple type, class java.lang.Object]
2025-04-07 20:58:01 DEBUG i.s.v.c.c.ModelConverterContextImpl:90 - resolve class java.lang.Long
2025-04-07 20:58:01 DEBUG i.s.v.c.c.ModelConverterContextImpl:90 - resolve class java.lang.Double
2025-04-07 20:58:01 DEBUG i.s.v.c.c.ModelConverterContextImpl:90 - resolve class java.lang.Long
2025-04-07 20:58:01 DEBUG i.s.v.c.c.ModelConverterContextImpl:90 - resolve class java.lang.Long
2025-04-07 20:58:01 DEBUG i.s.v.c.c.ModelConverterContextImpl:90 - resolve class com.diplom.restoran.entity.Customer
2025-04-07 20:58:01 DEBUG i.s.v.c.c.ModelConverterContextImpl:90 - resolve [simple type, class java.lang.Long]
2025-04-07 20:58:01 DEBUG i.s.v.c.c.ModelConverterContextImpl:90 - resolve [simple type, class java.lang.String]
2025-04-07 20:58:01 DEBUG i.s.v.c.c.ModelConverterContextImpl:90 - resolve [collection type; class java.util.List, contains [simple type, class com.diplom.restoran.entity.CustomerOrder]]
2025-04-07 20:58:01 DEBUG i.s.v.c.c.ModelConverterContextImpl:90 - resolve [simple type, class com.diplom.restoran.entity.CustomerOrder]
2025-04-07 20:58:01 DEBUG i.s.v.c.c.ModelConverterContextImpl:90 - resolve [simple type, class com.diplom.restoran.entity.Chef]
2025-04-07 20:58:01 DEBUG i.s.v.c.c.ModelConverterContextImpl:90 - resolve [collection type; class java.util.List, contains [simple type, class com.diplom.restoran.entity.CustomerOrder]]
2025-04-07 20:58:01 DEBUG i.s.v.c.c.ModelConverterContextImpl:90 - resolve [simple type, class com.diplom.restoran.entity.CustomerOrder]
2025-04-07 20:58:01 DEBUG i.s.v.c.c.ModelConverterContextImpl:90 - resolve [simple type, class com.diplom.restoran.entity.Customer]
2025-04-07 20:58:01 DEBUG i.s.v.c.c.ModelConverterContextImpl:90 - resolve [simple type, class com.diplom.restoran.security.models.User]
2025-04-07 20:58:01 DEBUG i.s.v.c.c.ModelConverterContextImpl:90 - resolve [simple type, class java.lang.String]
2025-04-07 20:58:01 DEBUG i.s.v.c.c.ModelConverterContextImpl:90 - resolve [simple type, class java.lang.String]
2025-04-07 20:58:01 DEBUG i.s.v.c.c.ModelConverterContextImpl:90 - resolve [simple type, class java.lang.String]
2025-04-07 20:58:01 DEBUG i.s.v.c.c.ModelConverterContextImpl:90 - resolve [collection type; class java.util.Set, contains [simple type, class com.diplom.restoran.security.models.Role]]
2025-04-07 20:58:01 DEBUG i.s.v.c.c.ModelConverterContextImpl:90 - resolve [simple type, class com.diplom.restoran.security.models.Role]
2025-04-07 20:58:01 DEBUG i.s.v.c.c.ModelConverterContextImpl:90 - resolve [simple type, class java.lang.Integer]
2025-04-07 20:58:01 DEBUG i.s.v.c.c.ModelConverterContextImpl:90 - resolve [simple type, class com.diplom.restoran.security.models.ERole]
2025-04-07 20:58:01 DEBUG i.s.v.c.c.ModelConverterContextImpl:90 - resolve [simple type, class com.diplom.restoran.entity.Waiter]
2025-04-07 20:58:01 DEBUG i.s.v.c.c.ModelConverterContextImpl:90 - resolve [collection type; class java.util.List, contains [simple type, class com.diplom.restoran.entity.Dish]]
2025-04-07 20:58:01 DEBUG i.s.v.c.c.ModelConverterContextImpl:90 - resolve [simple type, class com.diplom.restoran.entity.Dish]
2025-04-07 20:58:01 DEBUG i.s.v.c.c.ModelConverterContextImpl:90 - resolve [simple type, class java.lang.String]
2025-04-07 20:58:01 DEBUG i.s.v.c.c.ModelConverterContextImpl:90 - resolve [simple type, class java.lang.Double]
2025-04-07 20:58:01 DEBUG i.s.v.c.c.ModelConverterContextImpl:90 - resolve [simple type, class java.lang.String]
2025-04-07 20:58:01 DEBUG i.s.v.c.c.ModelConverterContextImpl:90 - resolve [simple type, class java.lang.Boolean]
2025-04-07 20:58:01 DEBUG i.s.v.c.c.ModelConverterContextImpl:90 - resolve [simple type, class java.lang.Double]
2025-04-07 20:58:01 DEBUG i.s.v.c.c.ModelConverterContextImpl:90 - resolve [simple type, class java.lang.Boolean]
2025-04-07 20:58:01 DEBUG i.s.v.c.c.ModelConverterContextImpl:90 - resolve java.util.List<com.diplom.restoran.entity.CustomerOrder>
2025-04-07 20:58:01 DEBUG i.s.v.c.c.ModelConverterContextImpl:90 - resolve [simple type, class com.diplom.restoran.entity.CustomerOrder]
2025-04-07 20:58:01 DEBUG i.s.v.c.c.ModelConverterContextImpl:90 - resolve [simple type, class java.lang.Long]
2025-04-07 20:58:01 DEBUG i.s.v.c.c.ModelConverterContextImpl:90 - resolve [simple type, class com.diplom.restoran.entity.Chef]
2025-04-07 20:58:01 DEBUG i.s.v.c.c.ModelConverterContextImpl:90 - resolve [simple type, class java.lang.String]
2025-04-07 20:58:01 DEBUG i.s.v.c.c.ModelConverterContextImpl:90 - resolve [collection type; class java.util.List, contains [simple type, class com.diplom.restoran.entity.CustomerOrder]]
2025-04-07 20:58:01 DEBUG i.s.v.c.c.ModelConverterContextImpl:90 - resolve [simple type, class com.diplom.restoran.entity.CustomerOrder]
2025-04-07 20:58:01 DEBUG i.s.v.c.c.ModelConverterContextImpl:90 - resolve [simple type, class com.diplom.restoran.entity.Customer]
2025-04-07 20:58:01 DEBUG i.s.v.c.c.ModelConverterContextImpl:90 - resolve [simple type, class com.diplom.restoran.security.models.User]
2025-04-07 20:58:01 DEBUG i.s.v.c.c.ModelConverterContextImpl:90 - resolve [simple type, class java.lang.String]
2025-04-07 20:58:01 DEBUG i.s.v.c.c.ModelConverterContextImpl:90 - resolve [simple type, class java.lang.String]
2025-04-07 20:58:01 DEBUG i.s.v.c.c.ModelConverterContextImpl:90 - resolve [simple type, class java.lang.String]
2025-04-07 20:58:01 DEBUG i.s.v.c.c.ModelConverterContextImpl:90 - resolve [collection type; class java.util.Set, contains [simple type, class com.diplom.restoran.security.models.Role]]
2025-04-07 20:58:01 DEBUG i.s.v.c.c.ModelConverterContextImpl:90 - resolve [simple type, class com.diplom.restoran.security.models.Role]
2025-04-07 20:58:01 DEBUG i.s.v.c.c.ModelConverterContextImpl:90 - resolve [simple type, class java.lang.Integer]
2025-04-07 20:58:01 DEBUG i.s.v.c.c.ModelConverterContextImpl:90 - resolve [simple type, class com.diplom.restoran.security.models.ERole]
2025-04-07 20:58:01 DEBUG i.s.v.c.c.ModelConverterContextImpl:90 - resolve [simple type, class com.diplom.restoran.entity.Waiter]
2025-04-07 20:58:01 DEBUG i.s.v.c.c.ModelConverterContextImpl:90 - resolve [collection type; class java.util.List, contains [simple type, class com.diplom.restoran.entity.Dish]]
2025-04-07 20:58:01 DEBUG i.s.v.c.c.ModelConverterContextImpl:90 - resolve [simple type, class com.diplom.restoran.entity.Dish]
2025-04-07 20:58:01 DEBUG i.s.v.c.c.ModelConverterContextImpl:90 - resolve [simple type, class java.lang.String]
2025-04-07 20:58:01 DEBUG i.s.v.c.c.ModelConverterContextImpl:90 - resolve [simple type, class java.lang.Double]
2025-04-07 20:58:01 DEBUG i.s.v.c.c.ModelConverterContextImpl:90 - resolve [simple type, class java.lang.String]
2025-04-07 20:58:01 DEBUG i.s.v.c.c.ModelConverterContextImpl:90 - resolve [simple type, class java.lang.Boolean]
2025-04-07 20:58:01 DEBUG i.s.v.c.c.ModelConverterContextImpl:90 - resolve [simple type, class java.lang.Double]
2025-04-07 20:58:01 DEBUG i.s.v.c.c.ModelConverterContextImpl:90 - resolve [simple type, class java.lang.Boolean]
2025-04-07 20:58:01 DEBUG i.s.v.c.c.ModelConverterContextImpl:90 - resolve class java.lang.Long
2025-04-07 20:58:01 DEBUG i.s.v.c.c.ModelConverterContextImpl:90 - resolve class java.lang.Double
2025-04-07 20:58:01 DEBUG i.s.v.c.c.ModelConverterContextImpl:90 - resolve class java.lang.Long
2025-04-07 20:58:01 DEBUG i.s.v.c.c.ModelConverterContextImpl:90 - resolve class com.diplom.restoran.entity.CustomerOrder
2025-04-07 20:58:01 DEBUG i.s.v.c.c.ModelConverterContextImpl:90 - resolve [simple type, class java.lang.Long]
2025-04-07 20:58:01 DEBUG i.s.v.c.c.ModelConverterContextImpl:90 - resolve [simple type, class com.diplom.restoran.entity.Chef]
2025-04-07 20:58:01 DEBUG i.s.v.c.c.ModelConverterContextImpl:90 - resolve [simple type, class java.lang.String]
2025-04-07 20:58:01 DEBUG i.s.v.c.c.ModelConverterContextImpl:90 - resolve [collection type; class java.util.List, contains [simple type, class com.diplom.restoran.entity.CustomerOrder]]
2025-04-07 20:58:01 DEBUG i.s.v.c.c.ModelConverterContextImpl:90 - resolve [simple type, class com.diplom.restoran.entity.CustomerOrder]
2025-04-07 20:58:01 DEBUG i.s.v.c.c.ModelConverterContextImpl:90 - resolve [simple type, class com.diplom.restoran.entity.Customer]
2025-04-07 20:58:01 DEBUG i.s.v.c.c.ModelConverterContextImpl:90 - resolve [simple type, class com.diplom.restoran.security.models.User]
2025-04-07 20:58:01 DEBUG i.s.v.c.c.ModelConverterContextImpl:90 - resolve [simple type, class java.lang.String]
2025-04-07 20:58:01 DEBUG i.s.v.c.c.ModelConverterContextImpl:90 - resolve [simple type, class java.lang.String]
2025-04-07 20:58:01 DEBUG i.s.v.c.c.ModelConverterContextImpl:90 - resolve [simple type, class java.lang.String]
2025-04-07 20:58:01 DEBUG i.s.v.c.c.ModelConverterContextImpl:90 - resolve [collection type; class java.util.Set, contains [simple type, class com.diplom.restoran.security.models.Role]]
2025-04-07 20:58:01 DEBUG i.s.v.c.c.ModelConverterContextImpl:90 - resolve [simple type, class com.diplom.restoran.security.models.Role]
2025-04-07 20:58:01 DEBUG i.s.v.c.c.ModelConverterContextImpl:90 - resolve [simple type, class java.lang.Integer]
2025-04-07 20:58:01 DEBUG i.s.v.c.c.ModelConverterContextImpl:90 - resolve [simple type, class com.diplom.restoran.security.models.ERole]
2025-04-07 20:58:01 DEBUG i.s.v.c.c.ModelConverterContextImpl:90 - resolve [simple type, class com.diplom.restoran.entity.Waiter]
2025-04-07 20:58:01 DEBUG i.s.v.c.c.ModelConverterContextImpl:90 - resolve [collection type; class java.util.List, contains [simple type, class com.diplom.restoran.entity.Dish]]
2025-04-07 20:58:01 DEBUG i.s.v.c.c.ModelConverterContextImpl:90 - resolve [simple type, class com.diplom.restoran.entity.Dish]
2025-04-07 20:58:01 DEBUG i.s.v.c.c.ModelConverterContextImpl:90 - resolve [simple type, class java.lang.String]
2025-04-07 20:58:01 DEBUG i.s.v.c.c.ModelConverterContextImpl:90 - resolve [simple type, class java.lang.Double]
2025-04-07 20:58:01 DEBUG i.s.v.c.c.ModelConverterContextImpl:90 - resolve [simple type, class java.lang.String]
2025-04-07 20:58:01 DEBUG i.s.v.c.c.ModelConverterContextImpl:90 - resolve [simple type, class java.lang.Boolean]
2025-04-07 20:58:01 DEBUG i.s.v.c.c.ModelConverterContextImpl:90 - resolve [simple type, class java.lang.Double]
2025-04-07 20:58:01 DEBUG i.s.v.c.c.ModelConverterContextImpl:90 - resolve [simple type, class java.lang.Boolean]
2025-04-07 20:58:01 DEBUG i.s.v.c.c.ModelConverterContextImpl:90 - resolve java.util.List<com.diplom.restoran.entity.CustomerOrder>
2025-04-07 20:58:01 DEBUG i.s.v.c.c.ModelConverterContextImpl:90 - resolve [simple type, class com.diplom.restoran.entity.CustomerOrder]
2025-04-07 20:58:01 DEBUG i.s.v.c.c.ModelConverterContextImpl:90 - resolve [simple type, class java.lang.Long]
2025-04-07 20:58:01 DEBUG i.s.v.c.c.ModelConverterContextImpl:90 - resolve [simple type, class com.diplom.restoran.entity.Chef]
2025-04-07 20:58:01 DEBUG i.s.v.c.c.ModelConverterContextImpl:90 - resolve [simple type, class java.lang.String]
2025-04-07 20:58:01 DEBUG i.s.v.c.c.ModelConverterContextImpl:90 - resolve [collection type; class java.util.List, contains [simple type, class com.diplom.restoran.entity.CustomerOrder]]
2025-04-07 20:58:01 DEBUG i.s.v.c.c.ModelConverterContextImpl:90 - resolve [simple type, class com.diplom.restoran.entity.CustomerOrder]
2025-04-07 20:58:01 DEBUG i.s.v.c.c.ModelConverterContextImpl:90 - resolve [simple type, class com.diplom.restoran.entity.Customer]
2025-04-07 20:58:01 DEBUG i.s.v.c.c.ModelConverterContextImpl:90 - resolve [simple type, class com.diplom.restoran.security.models.User]
2025-04-07 20:58:01 DEBUG i.s.v.c.c.ModelConverterContextImpl:90 - resolve [simple type, class java.lang.String]
2025-04-07 20:58:01 DEBUG i.s.v.c.c.ModelConverterContextImpl:90 - resolve [simple type, class java.lang.String]
2025-04-07 20:58:01 DEBUG i.s.v.c.c.ModelConverterContextImpl:90 - resolve [simple type, class java.lang.String]
2025-04-07 20:58:01 DEBUG i.s.v.c.c.ModelConverterContextImpl:90 - resolve [collection type; class java.util.Set, contains [simple type, class com.diplom.restoran.security.models.Role]]
2025-04-07 20:58:01 DEBUG i.s.v.c.c.ModelConverterContextImpl:90 - resolve [simple type, class com.diplom.restoran.security.models.Role]
2025-04-07 20:58:01 DEBUG i.s.v.c.c.ModelConverterContextImpl:90 - resolve [simple type, class java.lang.Integer]
2025-04-07 20:58:01 DEBUG i.s.v.c.c.ModelConverterContextImpl:90 - resolve [simple type, class com.diplom.restoran.security.models.ERole]
2025-04-07 20:58:01 DEBUG i.s.v.c.c.ModelConverterContextImpl:90 - resolve [simple type, class com.diplom.restoran.entity.Waiter]
2025-04-07 20:58:01 DEBUG i.s.v.c.c.ModelConverterContextImpl:90 - resolve [collection type; class java.util.List, contains [simple type, class com.diplom.restoran.entity.Dish]]
2025-04-07 20:58:01 DEBUG i.s.v.c.c.ModelConverterContextImpl:90 - resolve [simple type, class com.diplom.restoran.entity.Dish]
2025-04-07 20:58:01 DEBUG i.s.v.c.c.ModelConverterContextImpl:90 - resolve [simple type, class java.lang.String]
2025-04-07 20:58:01 DEBUG i.s.v.c.c.ModelConverterContextImpl:90 - resolve [simple type, class java.lang.Double]
2025-04-07 20:58:01 DEBUG i.s.v.c.c.ModelConverterContextImpl:90 - resolve [simple type, class java.lang.String]
2025-04-07 20:58:01 DEBUG i.s.v.c.c.ModelConverterContextImpl:90 - resolve [simple type, class java.lang.Boolean]
2025-04-07 20:58:01 DEBUG i.s.v.c.c.ModelConverterContextImpl:90 - resolve [simple type, class java.lang.Double]
2025-04-07 20:58:01 DEBUG i.s.v.c.c.ModelConverterContextImpl:90 - resolve [simple type, class java.lang.Boolean]
2025-04-07 20:58:01 DEBUG i.s.v.c.c.ModelConverterContextImpl:90 - resolve java.util.List<com.diplom.restoran.entity.CustomerOrder>
2025-04-07 20:58:01 DEBUG i.s.v.c.c.ModelConverterContextImpl:90 - resolve [simple type, class com.diplom.restoran.entity.CustomerOrder]
2025-04-07 20:58:01 DEBUG i.s.v.c.c.ModelConverterContextImpl:90 - resolve [simple type, class java.lang.Long]
2025-04-07 20:58:01 DEBUG i.s.v.c.c.ModelConverterContextImpl:90 - resolve [simple type, class com.diplom.restoran.entity.Chef]
2025-04-07 20:58:01 DEBUG i.s.v.c.c.ModelConverterContextImpl:90 - resolve [simple type, class java.lang.String]
2025-04-07 20:58:01 DEBUG i.s.v.c.c.ModelConverterContextImpl:90 - resolve [collection type; class java.util.List, contains [simple type, class com.diplom.restoran.entity.CustomerOrder]]
2025-04-07 20:58:01 DEBUG i.s.v.c.c.ModelConverterContextImpl:90 - resolve [simple type, class com.diplom.restoran.entity.CustomerOrder]
2025-04-07 20:58:01 DEBUG i.s.v.c.c.ModelConverterContextImpl:90 - resolve [simple type, class com.diplom.restoran.entity.Customer]
2025-04-07 20:58:01 DEBUG i.s.v.c.c.ModelConverterContextImpl:90 - resolve [simple type, class com.diplom.restoran.security.models.User]
2025-04-07 20:58:01 DEBUG i.s.v.c.c.ModelConverterContextImpl:90 - resolve [simple type, class java.lang.String]
2025-04-07 20:58:01 DEBUG i.s.v.c.c.ModelConverterContextImpl:90 - resolve [simple type, class java.lang.String]
2025-04-07 20:58:01 DEBUG i.s.v.c.c.ModelConverterContextImpl:90 - resolve [simple type, class java.lang.String]
2025-04-07 20:58:01 DEBUG i.s.v.c.c.ModelConverterContextImpl:90 - resolve [collection type; class java.util.Set, contains [simple type, class com.diplom.restoran.security.models.Role]]
2025-04-07 20:58:01 DEBUG i.s.v.c.c.ModelConverterContextImpl:90 - resolve [simple type, class com.diplom.restoran.security.models.Role]
2025-04-07 20:58:01 DEBUG i.s.v.c.c.ModelConverterContextImpl:90 - resolve [simple type, class java.lang.Integer]
2025-04-07 20:58:01 DEBUG i.s.v.c.c.ModelConverterContextImpl:90 - resolve [simple type, class com.diplom.restoran.security.models.ERole]
2025-04-07 20:58:01 DEBUG i.s.v.c.c.ModelConverterContextImpl:90 - resolve [simple type, class com.diplom.restoran.entity.Waiter]
2025-04-07 20:58:01 DEBUG i.s.v.c.c.ModelConverterContextImpl:90 - resolve [collection type; class java.util.List, contains [simple type, class com.diplom.restoran.entity.Dish]]
2025-04-07 20:58:01 DEBUG i.s.v.c.c.ModelConverterContextImpl:90 - resolve [simple type, class com.diplom.restoran.entity.Dish]
2025-04-07 20:58:01 DEBUG i.s.v.c.c.ModelConverterContextImpl:90 - resolve [simple type, class java.lang.String]
2025-04-07 20:58:01 DEBUG i.s.v.c.c.ModelConverterContextImpl:90 - resolve [simple type, class java.lang.Double]
2025-04-07 20:58:01 DEBUG i.s.v.c.c.ModelConverterContextImpl:90 - resolve [simple type, class java.lang.String]
2025-04-07 20:58:01 DEBUG i.s.v.c.c.ModelConverterContextImpl:90 - resolve [simple type, class java.lang.Boolean]
2025-04-07 20:58:01 DEBUG i.s.v.c.c.ModelConverterContextImpl:90 - resolve [simple type, class java.lang.Double]
2025-04-07 20:58:01 DEBUG i.s.v.c.c.ModelConverterContextImpl:90 - resolve [simple type, class java.lang.Boolean]
2025-04-07 20:58:01 DEBUG i.s.v.c.c.ModelConverterContextImpl:90 - resolve class java.lang.Long
2025-04-07 20:58:01 DEBUG i.s.v.c.c.ModelConverterContextImpl:90 - resolve class java.lang.Long
2025-04-07 20:58:01 DEBUG i.s.v.c.c.ModelConverterContextImpl:90 - resolve class com.diplom.restoran.entity.CustomerOrder
2025-04-07 20:58:01 DEBUG i.s.v.c.c.ModelConverterContextImpl:90 - resolve [simple type, class java.lang.Long]
2025-04-07 20:58:01 DEBUG i.s.v.c.c.ModelConverterContextImpl:90 - resolve [simple type, class com.diplom.restoran.entity.Chef]
2025-04-07 20:58:01 DEBUG i.s.v.c.c.ModelConverterContextImpl:90 - resolve [simple type, class java.lang.String]
2025-04-07 20:58:01 DEBUG i.s.v.c.c.ModelConverterContextImpl:90 - resolve [collection type; class java.util.List, contains [simple type, class com.diplom.restoran.entity.CustomerOrder]]
2025-04-07 20:58:01 DEBUG i.s.v.c.c.ModelConverterContextImpl:90 - resolve [simple type, class com.diplom.restoran.entity.CustomerOrder]
2025-04-07 20:58:01 DEBUG i.s.v.c.c.ModelConverterContextImpl:90 - resolve [simple type, class com.diplom.restoran.entity.Customer]
2025-04-07 20:58:01 DEBUG i.s.v.c.c.ModelConverterContextImpl:90 - resolve [simple type, class com.diplom.restoran.security.models.User]
2025-04-07 20:58:01 DEBUG i.s.v.c.c.ModelConverterContextImpl:90 - resolve [simple type, class java.lang.String]
2025-04-07 20:58:01 DEBUG i.s.v.c.c.ModelConverterContextImpl:90 - resolve [simple type, class java.lang.String]
2025-04-07 20:58:01 DEBUG i.s.v.c.c.ModelConverterContextImpl:90 - resolve [simple type, class java.lang.String]
2025-04-07 20:58:01 DEBUG i.s.v.c.c.ModelConverterContextImpl:90 - resolve [collection type; class java.util.Set, contains [simple type, class com.diplom.restoran.security.models.Role]]
2025-04-07 20:58:01 DEBUG i.s.v.c.c.ModelConverterContextImpl:90 - resolve [simple type, class com.diplom.restoran.security.models.Role]
2025-04-07 20:58:01 DEBUG i.s.v.c.c.ModelConverterContextImpl:90 - resolve [simple type, class java.lang.Integer]
2025-04-07 20:58:01 DEBUG i.s.v.c.c.ModelConverterContextImpl:90 - resolve [simple type, class com.diplom.restoran.security.models.ERole]
2025-04-07 20:58:01 DEBUG i.s.v.c.c.ModelConverterContextImpl:90 - resolve [simple type, class com.diplom.restoran.entity.Waiter]
2025-04-07 20:58:01 DEBUG i.s.v.c.c.ModelConverterContextImpl:90 - resolve [collection type; class java.util.List, contains [simple type, class com.diplom.restoran.entity.Dish]]
2025-04-07 20:58:01 DEBUG i.s.v.c.c.ModelConverterContextImpl:90 - resolve [simple type, class com.diplom.restoran.entity.Dish]
2025-04-07 20:58:01 DEBUG i.s.v.c.c.ModelConverterContextImpl:90 - resolve [simple type, class java.lang.String]
2025-04-07 20:58:01 DEBUG i.s.v.c.c.ModelConverterContextImpl:90 - resolve [simple type, class java.lang.Double]
2025-04-07 20:58:01 DEBUG i.s.v.c.c.ModelConverterContextImpl:90 - resolve [simple type, class java.lang.String]
2025-04-07 20:58:01 DEBUG i.s.v.c.c.ModelConverterContextImpl:90 - resolve [simple type, class java.lang.Boolean]
2025-04-07 20:58:01 DEBUG i.s.v.c.c.ModelConverterContextImpl:90 - resolve [simple type, class java.lang.Double]
2025-04-07 20:58:01 DEBUG i.s.v.c.c.ModelConverterContextImpl:90 - resolve [simple type, class java.lang.Boolean]
2025-04-07 20:58:01 DEBUG i.s.v.c.c.ModelConverterContextImpl:90 - resolve class java.lang.Long
2025-04-07 20:58:01 DEBUG i.s.v.c.c.ModelConverterContextImpl:90 - resolve class java.lang.Long
2025-04-07 20:58:01 DEBUG i.s.v.c.c.ModelConverterContextImpl:90 - resolve class com.diplom.restoran.entity.CustomerOrder
2025-04-07 20:58:01 DEBUG i.s.v.c.c.ModelConverterContextImpl:90 - resolve [simple type, class java.lang.Long]
2025-04-07 20:58:01 DEBUG i.s.v.c.c.ModelConverterContextImpl:90 - resolve [simple type, class com.diplom.restoran.entity.Chef]
2025-04-07 20:58:01 DEBUG i.s.v.c.c.ModelConverterContextImpl:90 - resolve [simple type, class java.lang.String]
2025-04-07 20:58:01 DEBUG i.s.v.c.c.ModelConverterContextImpl:90 - resolve [collection type; class java.util.List, contains [simple type, class com.diplom.restoran.entity.CustomerOrder]]
2025-04-07 20:58:01 DEBUG i.s.v.c.c.ModelConverterContextImpl:90 - resolve [simple type, class com.diplom.restoran.entity.CustomerOrder]
2025-04-07 20:58:01 DEBUG i.s.v.c.c.ModelConverterContextImpl:90 - resolve [simple type, class com.diplom.restoran.entity.Customer]
2025-04-07 20:58:01 DEBUG i.s.v.c.c.ModelConverterContextImpl:90 - resolve [simple type, class com.diplom.restoran.security.models.User]
2025-04-07 20:58:01 DEBUG i.s.v.c.c.ModelConverterContextImpl:90 - resolve [simple type, class java.lang.String]
2025-04-07 20:58:01 DEBUG i.s.v.c.c.ModelConverterContextImpl:90 - resolve [simple type, class java.lang.String]
2025-04-07 20:58:01 DEBUG i.s.v.c.c.ModelConverterContextImpl:90 - resolve [simple type, class java.lang.String]
2025-04-07 20:58:01 DEBUG i.s.v.c.c.ModelConverterContextImpl:90 - resolve [collection type; class java.util.Set, contains [simple type, class com.diplom.restoran.security.models.Role]]
2025-04-07 20:58:01 DEBUG i.s.v.c.c.ModelConverterContextImpl:90 - resolve [simple type, class com.diplom.restoran.security.models.Role]
2025-04-07 20:58:01 DEBUG i.s.v.c.c.ModelConverterContextImpl:90 - resolve [simple type, class java.lang.Integer]
2025-04-07 20:58:01 DEBUG i.s.v.c.c.ModelConverterContextImpl:90 - resolve [simple type, class com.diplom.restoran.security.models.ERole]
2025-04-07 20:58:01 DEBUG i.s.v.c.c.ModelConverterContextImpl:90 - resolve [simple type, class com.diplom.restoran.entity.Waiter]
2025-04-07 20:58:01 DEBUG i.s.v.c.c.ModelConverterContextImpl:90 - resolve [collection type; class java.util.List, contains [simple type, class com.diplom.restoran.entity.Dish]]
2025-04-07 20:58:01 DEBUG i.s.v.c.c.ModelConverterContextImpl:90 - resolve [simple type, class com.diplom.restoran.entity.Dish]
2025-04-07 20:58:01 DEBUG i.s.v.c.c.ModelConverterContextImpl:90 - resolve [simple type, class java.lang.String]
2025-04-07 20:58:01 DEBUG i.s.v.c.c.ModelConverterContextImpl:90 - resolve [simple type, class java.lang.Double]
2025-04-07 20:58:01 DEBUG i.s.v.c.c.ModelConverterContextImpl:90 - resolve [simple type, class java.lang.String]
2025-04-07 20:58:01 DEBUG i.s.v.c.c.ModelConverterContextImpl:90 - resolve [simple type, class java.lang.Boolean]
2025-04-07 20:58:01 DEBUG i.s.v.c.c.ModelConverterContextImpl:90 - resolve [simple type, class java.lang.Double]
2025-04-07 20:58:01 DEBUG i.s.v.c.c.ModelConverterContextImpl:90 - resolve [simple type, class java.lang.Boolean]
2025-04-07 20:58:01 DEBUG i.s.v.c.c.ModelConverterContextImpl:90 - resolve java.util.List<com.diplom.restoran.dto.ChefDTO>
2025-04-07 20:58:01 DEBUG i.s.v.c.c.ModelConverterContextImpl:90 - resolve [simple type, class com.diplom.restoran.dto.ChefDTO]
2025-04-07 20:58:01 DEBUG i.s.v.c.c.ModelConverterContextImpl:90 - resolve [simple type, class java.lang.Long]
2025-04-07 20:58:01 DEBUG i.s.v.c.c.ModelConverterContextImpl:90 - resolve [simple type, class java.lang.String]
2025-04-07 20:58:01 DEBUG i.s.v.c.c.ModelConverterContextImpl:90 - resolve [collection type; class java.util.List, contains [simple type, class java.lang.Long]]
2025-04-07 20:58:01 DEBUG i.s.v.c.c.ModelConverterContextImpl:90 - resolve class java.lang.Long
2025-04-07 20:58:01 DEBUG i.s.v.c.c.ModelConverterContextImpl:90 - resolve class com.diplom.restoran.dto.ChefDTO
2025-04-07 20:58:01 DEBUG i.s.v.c.c.ModelConverterContextImpl:90 - resolve [simple type, class java.lang.Long]
2025-04-07 20:58:01 DEBUG i.s.v.c.c.ModelConverterContextImpl:90 - resolve [simple type, class java.lang.String]
2025-04-07 20:58:01 DEBUG i.s.v.c.c.ModelConverterContextImpl:90 - resolve [collection type; class java.util.List, contains [simple type, class java.lang.Long]]
2025-04-07 20:58:01 DEBUG i.s.v.c.c.ModelConverterContextImpl:90 - resolve class java.lang.Long
2025-04-07 20:58:01 DEBUG i.s.v.c.c.ModelConverterContextImpl:90 - resolve class java.lang.Long
2025-04-07 20:58:01 DEBUG i.s.v.c.c.ModelConverterContextImpl:90 - resolve class com.diplom.restoran.entity.Chef
2025-04-07 20:58:01 DEBUG i.s.v.c.c.ModelConverterContextImpl:90 - resolve [simple type, class java.lang.Long]
2025-04-07 20:58:01 DEBUG i.s.v.c.c.ModelConverterContextImpl:90 - resolve [simple type, class java.lang.String]
2025-04-07 20:58:01 DEBUG i.s.v.c.c.ModelConverterContextImpl:90 - resolve [collection type; class java.util.List, contains [simple type, class com.diplom.restoran.entity.CustomerOrder]]
2025-04-07 20:58:01 DEBUG i.s.v.c.c.ModelConverterContextImpl:90 - resolve [simple type, class com.diplom.restoran.entity.CustomerOrder]
2025-04-07 20:58:01 DEBUG i.s.v.c.c.ModelConverterContextImpl:90 - resolve [simple type, class com.diplom.restoran.entity.Customer]
2025-04-07 20:58:01 DEBUG i.s.v.c.c.ModelConverterContextImpl:90 - resolve [simple type, class com.diplom.restoran.security.models.User]
2025-04-07 20:58:01 DEBUG i.s.v.c.c.ModelConverterContextImpl:90 - resolve [simple type, class java.lang.String]
2025-04-07 20:58:01 DEBUG i.s.v.c.c.ModelConverterContextImpl:90 - resolve [simple type, class java.lang.String]
2025-04-07 20:58:01 DEBUG i.s.v.c.c.ModelConverterContextImpl:90 - resolve [simple type, class java.lang.String]
2025-04-07 20:58:01 DEBUG i.s.v.c.c.ModelConverterContextImpl:90 - resolve [collection type; class java.util.Set, contains [simple type, class com.diplom.restoran.security.models.Role]]
2025-04-07 20:58:01 DEBUG i.s.v.c.c.ModelConverterContextImpl:90 - resolve [simple type, class com.diplom.restoran.security.models.Role]
2025-04-07 20:58:01 DEBUG i.s.v.c.c.ModelConverterContextImpl:90 - resolve [simple type, class java.lang.Integer]
2025-04-07 20:58:01 DEBUG i.s.v.c.c.ModelConverterContextImpl:90 - resolve [simple type, class com.diplom.restoran.security.models.ERole]
2025-04-07 20:58:01 DEBUG i.s.v.c.c.ModelConverterContextImpl:90 - resolve [simple type, class com.diplom.restoran.entity.Waiter]
2025-04-07 20:58:01 DEBUG i.s.v.c.c.ModelConverterContextImpl:90 - resolve [collection type; class java.util.List, contains [simple type, class com.diplom.restoran.entity.Dish]]
2025-04-07 20:58:01 DEBUG i.s.v.c.c.ModelConverterContextImpl:90 - resolve [simple type, class com.diplom.restoran.entity.Dish]
2025-04-07 20:58:01 DEBUG i.s.v.c.c.ModelConverterContextImpl:90 - resolve [simple type, class java.lang.String]
2025-04-07 20:58:01 DEBUG i.s.v.c.c.ModelConverterContextImpl:90 - resolve [simple type, class java.lang.Double]
2025-04-07 20:58:01 DEBUG i.s.v.c.c.ModelConverterContextImpl:90 - resolve [simple type, class java.lang.String]
2025-04-07 20:58:01 DEBUG i.s.v.c.c.ModelConverterContextImpl:90 - resolve [simple type, class java.lang.Boolean]
2025-04-07 20:58:01 DEBUG i.s.v.c.c.ModelConverterContextImpl:90 - resolve [simple type, class java.lang.Double]
2025-04-07 20:58:01 DEBUG i.s.v.c.c.ModelConverterContextImpl:90 - resolve [simple type, class java.lang.Boolean]
2025-04-07 20:58:01 DEBUG i.s.v.c.c.ModelConverterContextImpl:90 - resolve class java.lang.Long
2025-04-07 20:58:01 DEBUG i.s.v.c.c.ModelConverterContextImpl:90 - resolve java.util.List<com.diplom.restoran.entity.CustomerOrder>
2025-04-07 20:58:01 DEBUG i.s.v.c.c.ModelConverterContextImpl:90 - resolve [simple type, class com.diplom.restoran.entity.CustomerOrder]
2025-04-07 20:58:01 DEBUG i.s.v.c.c.ModelConverterContextImpl:90 - resolve [simple type, class java.lang.Long]
2025-04-07 20:58:01 DEBUG i.s.v.c.c.ModelConverterContextImpl:90 - resolve [simple type, class com.diplom.restoran.entity.Chef]
2025-04-07 20:58:01 DEBUG i.s.v.c.c.ModelConverterContextImpl:90 - resolve [simple type, class java.lang.String]
2025-04-07 20:58:01 DEBUG i.s.v.c.c.ModelConverterContextImpl:90 - resolve [collection type; class java.util.List, contains [simple type, class com.diplom.restoran.entity.CustomerOrder]]
2025-04-07 20:58:01 DEBUG i.s.v.c.c.ModelConverterContextImpl:90 - resolve [simple type, class com.diplom.restoran.entity.CustomerOrder]
2025-04-07 20:58:01 DEBUG i.s.v.c.c.ModelConverterContextImpl:90 - resolve [simple type, class com.diplom.restoran.entity.Customer]
2025-04-07 20:58:01 DEBUG i.s.v.c.c.ModelConverterContextImpl:90 - resolve [simple type, class com.diplom.restoran.security.models.User]
2025-04-07 20:58:01 DEBUG i.s.v.c.c.ModelConverterContextImpl:90 - resolve [simple type, class java.lang.String]
2025-04-07 20:58:01 DEBUG i.s.v.c.c.ModelConverterContextImpl:90 - resolve [simple type, class java.lang.String]
2025-04-07 20:58:01 DEBUG i.s.v.c.c.ModelConverterContextImpl:90 - resolve [simple type, class java.lang.String]
2025-04-07 20:58:01 DEBUG i.s.v.c.c.ModelConverterContextImpl:90 - resolve [collection type; class java.util.Set, contains [simple type, class com.diplom.restoran.security.models.Role]]
2025-04-07 20:58:01 DEBUG i.s.v.c.c.ModelConverterContextImpl:90 - resolve [simple type, class com.diplom.restoran.security.models.Role]
2025-04-07 20:58:01 DEBUG i.s.v.c.c.ModelConverterContextImpl:90 - resolve [simple type, class java.lang.Integer]
2025-04-07 20:58:01 DEBUG i.s.v.c.c.ModelConverterContextImpl:90 - resolve [simple type, class com.diplom.restoran.security.models.ERole]
2025-04-07 20:58:01 DEBUG i.s.v.c.c.ModelConverterContextImpl:90 - resolve [simple type, class com.diplom.restoran.entity.Waiter]
2025-04-07 20:58:01 DEBUG i.s.v.c.c.ModelConverterContextImpl:90 - resolve [collection type; class java.util.List, contains [simple type, class com.diplom.restoran.entity.Dish]]
2025-04-07 20:58:01 DEBUG i.s.v.c.c.ModelConverterContextImpl:90 - resolve [simple type, class com.diplom.restoran.entity.Dish]
2025-04-07 20:58:01 DEBUG i.s.v.c.c.ModelConverterContextImpl:90 - resolve [simple type, class java.lang.String]
2025-04-07 20:58:01 DEBUG i.s.v.c.c.ModelConverterContextImpl:90 - resolve [simple type, class java.lang.Double]
2025-04-07 20:58:01 DEBUG i.s.v.c.c.ModelConverterContextImpl:90 - resolve [simple type, class java.lang.String]
2025-04-07 20:58:01 DEBUG i.s.v.c.c.ModelConverterContextImpl:90 - resolve [simple type, class java.lang.Boolean]
2025-04-07 20:58:01 DEBUG i.s.v.c.c.ModelConverterContextImpl:90 - resolve [simple type, class java.lang.Double]
2025-04-07 20:58:01 DEBUG i.s.v.c.c.ModelConverterContextImpl:90 - resolve [simple type, class java.lang.Boolean]
2025-04-07 20:58:01 DEBUG i.s.v.c.c.ModelConverterContextImpl:90 - resolve class java.lang.Long
2025-04-07 20:58:01 DEBUG i.s.v.c.c.ModelConverterContextImpl:90 - resolve java.util.List<com.diplom.restoran.entity.CustomerOrder>
2025-04-07 20:58:01 DEBUG i.s.v.c.c.ModelConverterContextImpl:90 - resolve [simple type, class com.diplom.restoran.entity.CustomerOrder]
2025-04-07 20:58:01 DEBUG i.s.v.c.c.ModelConverterContextImpl:90 - resolve [simple type, class java.lang.Long]
2025-04-07 20:58:01 DEBUG i.s.v.c.c.ModelConverterContextImpl:90 - resolve [simple type, class com.diplom.restoran.entity.Chef]
2025-04-07 20:58:01 DEBUG i.s.v.c.c.ModelConverterContextImpl:90 - resolve [simple type, class java.lang.String]
2025-04-07 20:58:01 DEBUG i.s.v.c.c.ModelConverterContextImpl:90 - resolve [collection type; class java.util.List, contains [simple type, class com.diplom.restoran.entity.CustomerOrder]]
2025-04-07 20:58:01 DEBUG i.s.v.c.c.ModelConverterContextImpl:90 - resolve [simple type, class com.diplom.restoran.entity.CustomerOrder]
2025-04-07 20:58:01 DEBUG i.s.v.c.c.ModelConverterContextImpl:90 - resolve [simple type, class com.diplom.restoran.entity.Customer]
2025-04-07 20:58:01 DEBUG i.s.v.c.c.ModelConverterContextImpl:90 - resolve [simple type, class com.diplom.restoran.security.models.User]
2025-04-07 20:58:01 DEBUG i.s.v.c.c.ModelConverterContextImpl:90 - resolve [simple type, class java.lang.String]
2025-04-07 20:58:01 DEBUG i.s.v.c.c.ModelConverterContextImpl:90 - resolve [simple type, class java.lang.String]
2025-04-07 20:58:01 DEBUG i.s.v.c.c.ModelConverterContextImpl:90 - resolve [simple type, class java.lang.String]
2025-04-07 20:58:01 DEBUG i.s.v.c.c.ModelConverterContextImpl:90 - resolve [collection type; class java.util.Set, contains [simple type, class com.diplom.restoran.security.models.Role]]
2025-04-07 20:58:01 DEBUG i.s.v.c.c.ModelConverterContextImpl:90 - resolve [simple type, class com.diplom.restoran.security.models.Role]
2025-04-07 20:58:01 DEBUG i.s.v.c.c.ModelConverterContextImpl:90 - resolve [simple type, class java.lang.Integer]
2025-04-07 20:58:01 DEBUG i.s.v.c.c.ModelConverterContextImpl:90 - resolve [simple type, class com.diplom.restoran.security.models.ERole]
2025-04-07 20:58:01 DEBUG i.s.v.c.c.ModelConverterContextImpl:90 - resolve [simple type, class com.diplom.restoran.entity.Waiter]
2025-04-07 20:58:01 DEBUG i.s.v.c.c.ModelConverterContextImpl:90 - resolve [collection type; class java.util.List, contains [simple type, class com.diplom.restoran.entity.Dish]]
2025-04-07 20:58:01 DEBUG i.s.v.c.c.ModelConverterContextImpl:90 - resolve [simple type, class com.diplom.restoran.entity.Dish]
2025-04-07 20:58:01 DEBUG i.s.v.c.c.ModelConverterContextImpl:90 - resolve [simple type, class java.lang.String]
2025-04-07 20:58:01 DEBUG i.s.v.c.c.ModelConverterContextImpl:90 - resolve [simple type, class java.lang.Double]
2025-04-07 20:58:01 DEBUG i.s.v.c.c.ModelConverterContextImpl:90 - resolve [simple type, class java.lang.String]
2025-04-07 20:58:01 DEBUG i.s.v.c.c.ModelConverterContextImpl:90 - resolve [simple type, class java.lang.Boolean]
2025-04-07 20:58:01 DEBUG i.s.v.c.c.ModelConverterContextImpl:90 - resolve [simple type, class java.lang.Double]
2025-04-07 20:58:01 DEBUG i.s.v.c.c.ModelConverterContextImpl:90 - resolve [simple type, class java.lang.Boolean]
2025-04-07 20:58:01 DEBUG i.s.v.c.c.ModelConverterContextImpl:90 - resolve class java.lang.Long
2025-04-07 20:58:01 DEBUG i.s.v.c.c.ModelConverterContextImpl:90 - resolve java.util.List<com.diplom.restoran.entity.CustomerOrder>
2025-04-07 20:58:01 DEBUG i.s.v.c.c.ModelConverterContextImpl:90 - resolve [simple type, class com.diplom.restoran.entity.CustomerOrder]
2025-04-07 20:58:01 DEBUG i.s.v.c.c.ModelConverterContextImpl:90 - resolve [simple type, class java.lang.Long]
2025-04-07 20:58:01 DEBUG i.s.v.c.c.ModelConverterContextImpl:90 - resolve [simple type, class com.diplom.restoran.entity.Chef]
2025-04-07 20:58:01 DEBUG i.s.v.c.c.ModelConverterContextImpl:90 - resolve [simple type, class java.lang.String]
2025-04-07 20:58:01 DEBUG i.s.v.c.c.ModelConverterContextImpl:90 - resolve [collection type; class java.util.List, contains [simple type, class com.diplom.restoran.entity.CustomerOrder]]
2025-04-07 20:58:01 DEBUG i.s.v.c.c.ModelConverterContextImpl:90 - resolve [simple type, class com.diplom.restoran.entity.CustomerOrder]
2025-04-07 20:58:01 DEBUG i.s.v.c.c.ModelConverterContextImpl:90 - resolve [simple type, class com.diplom.restoran.entity.Customer]
2025-04-07 20:58:01 DEBUG i.s.v.c.c.ModelConverterContextImpl:90 - resolve [simple type, class com.diplom.restoran.security.models.User]
2025-04-07 20:58:01 DEBUG i.s.v.c.c.ModelConverterContextImpl:90 - resolve [simple type, class java.lang.String]
2025-04-07 20:58:01 DEBUG i.s.v.c.c.ModelConverterContextImpl:90 - resolve [simple type, class java.lang.String]
2025-04-07 20:58:01 DEBUG i.s.v.c.c.ModelConverterContextImpl:90 - resolve [simple type, class java.lang.String]
2025-04-07 20:58:01 DEBUG i.s.v.c.c.ModelConverterContextImpl:90 - resolve [collection type; class java.util.Set, contains [simple type, class com.diplom.restoran.security.models.Role]]
2025-04-07 20:58:01 DEBUG i.s.v.c.c.ModelConverterContextImpl:90 - resolve [simple type, class com.diplom.restoran.security.models.Role]
2025-04-07 20:58:01 DEBUG i.s.v.c.c.ModelConverterContextImpl:90 - resolve [simple type, class java.lang.Integer]
2025-04-07 20:58:01 DEBUG i.s.v.c.c.ModelConverterContextImpl:90 - resolve [simple type, class com.diplom.restoran.security.models.ERole]
2025-04-07 20:58:01 DEBUG i.s.v.c.c.ModelConverterContextImpl:90 - resolve [simple type, class com.diplom.restoran.entity.Waiter]
2025-04-07 20:58:01 DEBUG i.s.v.c.c.ModelConverterContextImpl:90 - resolve [collection type; class java.util.List, contains [simple type, class com.diplom.restoran.entity.Dish]]
2025-04-07 20:58:01 DEBUG i.s.v.c.c.ModelConverterContextImpl:90 - resolve [simple type, class com.diplom.restoran.entity.Dish]
2025-04-07 20:58:01 DEBUG i.s.v.c.c.ModelConverterContextImpl:90 - resolve [simple type, class java.lang.String]
2025-04-07 20:58:01 DEBUG i.s.v.c.c.ModelConverterContextImpl:90 - resolve [simple type, class java.lang.Double]
2025-04-07 20:58:01 DEBUG i.s.v.c.c.ModelConverterContextImpl:90 - resolve [simple type, class java.lang.String]
2025-04-07 20:58:01 DEBUG i.s.v.c.c.ModelConverterContextImpl:90 - resolve [simple type, class java.lang.Boolean]
2025-04-07 20:58:01 DEBUG i.s.v.c.c.ModelConverterContextImpl:90 - resolve [simple type, class java.lang.Double]
2025-04-07 20:58:01 DEBUG i.s.v.c.c.ModelConverterContextImpl:90 - resolve [simple type, class java.lang.Boolean]
2025-04-07 20:58:01 DEBUG i.s.v.c.c.ModelConverterContextImpl:90 - resolve java.util.List<com.diplom.restoran.dto.AdminDTO>
2025-04-07 20:58:01 DEBUG i.s.v.c.c.ModelConverterContextImpl:90 - resolve [simple type, class com.diplom.restoran.dto.AdminDTO]
2025-04-07 20:58:01 DEBUG i.s.v.c.c.ModelConverterContextImpl:90 - resolve [simple type, class java.lang.Long]
2025-04-07 20:58:01 DEBUG i.s.v.c.c.ModelConverterContextImpl:90 - resolve [simple type, class java.lang.String]
2025-04-07 20:58:01 DEBUG i.s.v.c.c.ModelConverterContextImpl:90 - resolve [collection type; class java.util.List, contains [simple type, class java.lang.Long]]
2025-04-07 20:58:01 DEBUG i.s.v.c.c.ModelConverterContextImpl:90 - resolve long
2025-04-07 20:58:01 DEBUG i.s.v.c.c.ModelConverterContextImpl:90 - resolve class com.diplom.restoran.dto.AdminDTO
2025-04-07 20:58:01 DEBUG i.s.v.c.c.ModelConverterContextImpl:90 - resolve [simple type, class java.lang.Long]
2025-04-07 20:58:01 DEBUG i.s.v.c.c.ModelConverterContextImpl:90 - resolve [simple type, class java.lang.String]
2025-04-07 20:58:01 DEBUG i.s.v.c.c.ModelConverterContextImpl:90 - resolve [collection type; class java.util.List, contains [simple type, class java.lang.Long]]
2025-04-07 20:58:01 DEBUG i.s.v.c.c.ModelConverterContextImpl:90 - resolve java.util.List<java.lang.Long>
2025-04-07 20:58:01 DEBUG i.s.v.c.c.ModelConverterContextImpl:90 - resolve [simple type, class java.lang.Long]
2025-04-07 20:58:01 DEBUG i.s.v.c.c.ModelConverterContextImpl:90 - resolve class java.lang.Long
2025-04-07 20:58:01 DEBUG i.s.v.c.c.ModelConverterContextImpl:90 - resolve class com.diplom.restoran.entity.Admin
2025-04-07 20:58:01 DEBUG i.s.v.c.c.ModelConverterContextImpl:90 - resolve [simple type, class java.lang.Long]
2025-04-07 20:58:01 DEBUG i.s.v.c.c.ModelConverterContextImpl:90 - resolve [simple type, class java.lang.String]
2025-04-07 20:58:01 DEBUG i.s.v.c.c.ModelConverterContextImpl:90 - resolve [collection type; class java.util.List, contains [simple type, class com.diplom.restoran.entity.Waiter]]
2025-04-07 20:58:01 DEBUG i.s.v.c.c.ModelConverterContextImpl:90 - resolve [simple type, class com.diplom.restoran.entity.Waiter]
2025-04-07 20:58:01 DEBUG i.s.v.c.c.ModelConverterContextImpl:90 - resolve [collection type; class java.util.List, contains [simple type, class com.diplom.restoran.entity.CustomerOrder]]
2025-04-07 20:58:01 DEBUG i.s.v.c.c.ModelConverterContextImpl:90 - resolve [simple type, class com.diplom.restoran.entity.CustomerOrder]
2025-04-07 20:58:01 DEBUG i.s.v.c.c.ModelConverterContextImpl:90 - resolve [simple type, class com.diplom.restoran.entity.Chef]
2025-04-07 20:58:01 DEBUG i.s.v.c.c.ModelConverterContextImpl:90 - resolve [collection type; class java.util.List, contains [simple type, class com.diplom.restoran.entity.CustomerOrder]]
2025-04-07 20:58:01 DEBUG i.s.v.c.c.ModelConverterContextImpl:90 - resolve [simple type, class com.diplom.restoran.entity.CustomerOrder]
2025-04-07 20:58:01 DEBUG i.s.v.c.c.ModelConverterContextImpl:90 - resolve [simple type, class com.diplom.restoran.entity.Customer]
2025-04-07 20:58:01 DEBUG i.s.v.c.c.ModelConverterContextImpl:90 - resolve [simple type, class com.diplom.restoran.security.models.User]
2025-04-07 20:58:01 DEBUG i.s.v.c.c.ModelConverterContextImpl:90 - resolve [simple type, class java.lang.String]
2025-04-07 20:58:01 DEBUG i.s.v.c.c.ModelConverterContextImpl:90 - resolve [simple type, class java.lang.String]
2025-04-07 20:58:01 DEBUG i.s.v.c.c.ModelConverterContextImpl:90 - resolve [simple type, class java.lang.String]
2025-04-07 20:58:01 DEBUG i.s.v.c.c.ModelConverterContextImpl:90 - resolve [collection type; class java.util.Set, contains [simple type, class com.diplom.restoran.security.models.Role]]
2025-04-07 20:58:01 DEBUG i.s.v.c.c.ModelConverterContextImpl:90 - resolve [simple type, class com.diplom.restoran.security.models.Role]
2025-04-07 20:58:01 DEBUG i.s.v.c.c.ModelConverterContextImpl:90 - resolve [simple type, class java.lang.Integer]
2025-04-07 20:58:01 DEBUG i.s.v.c.c.ModelConverterContextImpl:90 - resolve [simple type, class com.diplom.restoran.security.models.ERole]
2025-04-07 20:58:01 DEBUG i.s.v.c.c.ModelConverterContextImpl:90 - resolve [simple type, class com.diplom.restoran.entity.Waiter]
2025-04-07 20:58:01 DEBUG i.s.v.c.c.ModelConverterContextImpl:90 - resolve [collection type; class java.util.List, contains [simple type, class com.diplom.restoran.entity.Dish]]
2025-04-07 20:58:01 DEBUG i.s.v.c.c.ModelConverterContextImpl:90 - resolve [simple type, class com.diplom.restoran.entity.Dish]
2025-04-07 20:58:01 DEBUG i.s.v.c.c.ModelConverterContextImpl:90 - resolve [simple type, class java.lang.String]
2025-04-07 20:58:01 DEBUG i.s.v.c.c.ModelConverterContextImpl:90 - resolve [simple type, class java.lang.Double]
2025-04-07 20:58:01 DEBUG i.s.v.c.c.ModelConverterContextImpl:90 - resolve [simple type, class java.lang.String]
2025-04-07 20:58:01 DEBUG i.s.v.c.c.ModelConverterContextImpl:90 - resolve [simple type, class java.lang.Boolean]
2025-04-07 20:58:01 DEBUG i.s.v.c.c.ModelConverterContextImpl:90 - resolve [simple type, class java.lang.Double]
2025-04-07 20:58:01 DEBUG i.s.v.c.c.ModelConverterContextImpl:90 - resolve [simple type, class java.lang.Boolean]
2025-04-07 20:58:01 DEBUG i.s.v.c.c.ModelConverterContextImpl:90 - resolve [collection type; class java.util.List, contains [simple type, class com.diplom.restoran.entity.Chef]]
2025-04-07 20:58:01 DEBUG i.s.v.c.c.ModelConverterContextImpl:90 - resolve [simple type, class com.diplom.restoran.entity.Chef]
2025-04-07 20:58:01 DEBUG i.s.v.c.c.ModelConverterContextImpl:90 - resolve [collection type; class java.util.List, contains [simple type, class com.diplom.restoran.entity.Dish]]
2025-04-07 20:58:01 DEBUG i.s.v.c.c.ModelConverterContextImpl:90 - resolve [simple type, class com.diplom.restoran.entity.Dish]
2025-04-07 20:58:01 DEBUG i.s.v.c.c.ModelConverterContextImpl:90 - resolve java.util.List<java.lang.Long>
2025-04-07 20:58:01 DEBUG i.s.v.c.c.ModelConverterContextImpl:90 - resolve [simple type, class java.lang.Long]
2025-04-07 20:58:01 DEBUG i.s.v.c.c.ModelConverterContextImpl:90 - resolve class java.lang.Long
2025-04-07 20:58:01 DEBUG i.s.v.c.c.ModelConverterContextImpl:90 - resolve class com.diplom.restoran.entity.Admin
2025-04-07 20:58:01 DEBUG i.s.v.c.c.ModelConverterContextImpl:90 - resolve [simple type, class java.lang.Long]
2025-04-07 20:58:01 DEBUG i.s.v.c.c.ModelConverterContextImpl:90 - resolve [simple type, class java.lang.String]
2025-04-07 20:58:01 DEBUG i.s.v.c.c.ModelConverterContextImpl:90 - resolve [collection type; class java.util.List, contains [simple type, class com.diplom.restoran.entity.Waiter]]
2025-04-07 20:58:01 DEBUG i.s.v.c.c.ModelConverterContextImpl:90 - resolve [simple type, class com.diplom.restoran.entity.Waiter]
2025-04-07 20:58:01 DEBUG i.s.v.c.c.ModelConverterContextImpl:90 - resolve [collection type; class java.util.List, contains [simple type, class com.diplom.restoran.entity.CustomerOrder]]
2025-04-07 20:58:01 DEBUG i.s.v.c.c.ModelConverterContextImpl:90 - resolve [simple type, class com.diplom.restoran.entity.CustomerOrder]
2025-04-07 20:58:01 DEBUG i.s.v.c.c.ModelConverterContextImpl:90 - resolve [simple type, class com.diplom.restoran.entity.Chef]
2025-04-07 20:58:01 DEBUG i.s.v.c.c.ModelConverterContextImpl:90 - resolve [collection type; class java.util.List, contains [simple type, class com.diplom.restoran.entity.CustomerOrder]]
2025-04-07 20:58:01 DEBUG i.s.v.c.c.ModelConverterContextImpl:90 - resolve [simple type, class com.diplom.restoran.entity.CustomerOrder]
2025-04-07 20:58:01 DEBUG i.s.v.c.c.ModelConverterContextImpl:90 - resolve [simple type, class com.diplom.restoran.entity.Customer]
2025-04-07 20:58:01 DEBUG i.s.v.c.c.ModelConverterContextImpl:90 - resolve [simple type, class com.diplom.restoran.security.models.User]
2025-04-07 20:58:01 DEBUG i.s.v.c.c.ModelConverterContextImpl:90 - resolve [simple type, class java.lang.String]
2025-04-07 20:58:01 DEBUG i.s.v.c.c.ModelConverterContextImpl:90 - resolve [simple type, class java.lang.String]
2025-04-07 20:58:01 DEBUG i.s.v.c.c.ModelConverterContextImpl:90 - resolve [simple type, class java.lang.String]
2025-04-07 20:58:01 DEBUG i.s.v.c.c.ModelConverterContextImpl:90 - resolve [collection type; class java.util.Set, contains [simple type, class com.diplom.restoran.security.models.Role]]
2025-04-07 20:58:01 DEBUG i.s.v.c.c.ModelConverterContextImpl:90 - resolve [simple type, class com.diplom.restoran.security.models.Role]
2025-04-07 20:58:01 DEBUG i.s.v.c.c.ModelConverterContextImpl:90 - resolve [simple type, class java.lang.Integer]
2025-04-07 20:58:01 DEBUG i.s.v.c.c.ModelConverterContextImpl:90 - resolve [simple type, class com.diplom.restoran.security.models.ERole]
2025-04-07 20:58:01 DEBUG i.s.v.c.c.ModelConverterContextImpl:90 - resolve [simple type, class com.diplom.restoran.entity.Waiter]
2025-04-07 20:58:01 DEBUG i.s.v.c.c.ModelConverterContextImpl:90 - resolve [collection type; class java.util.List, contains [simple type, class com.diplom.restoran.entity.Dish]]
2025-04-07 20:58:01 DEBUG i.s.v.c.c.ModelConverterContextImpl:90 - resolve [simple type, class com.diplom.restoran.entity.Dish]
2025-04-07 20:58:01 DEBUG i.s.v.c.c.ModelConverterContextImpl:90 - resolve [simple type, class java.lang.String]
2025-04-07 20:58:01 DEBUG i.s.v.c.c.ModelConverterContextImpl:90 - resolve [simple type, class java.lang.Double]
2025-04-07 20:58:01 DEBUG i.s.v.c.c.ModelConverterContextImpl:90 - resolve [simple type, class java.lang.String]
2025-04-07 20:58:01 DEBUG i.s.v.c.c.ModelConverterContextImpl:90 - resolve [simple type, class java.lang.Boolean]
2025-04-07 20:58:01 DEBUG i.s.v.c.c.ModelConverterContextImpl:90 - resolve [simple type, class java.lang.Double]
2025-04-07 20:58:01 DEBUG i.s.v.c.c.ModelConverterContextImpl:90 - resolve [simple type, class java.lang.Boolean]
2025-04-07 20:58:01 DEBUG i.s.v.c.c.ModelConverterContextImpl:90 - resolve [collection type; class java.util.List, contains [simple type, class com.diplom.restoran.entity.Chef]]
2025-04-07 20:58:01 DEBUG i.s.v.c.c.ModelConverterContextImpl:90 - resolve [simple type, class com.diplom.restoran.entity.Chef]
2025-04-07 20:58:01 DEBUG i.s.v.c.c.ModelConverterContextImpl:90 - resolve [collection type; class java.util.List, contains [simple type, class com.diplom.restoran.entity.Dish]]
2025-04-07 20:58:01 DEBUG i.s.v.c.c.ModelConverterContextImpl:90 - resolve [simple type, class com.diplom.restoran.entity.Dish]
2025-04-07 20:58:01 DEBUG i.s.v.c.c.ModelConverterContextImpl:90 - resolve class java.lang.Long
2025-04-07 20:58:01 DEBUG i.s.v.c.c.ModelConverterContextImpl:90 - resolve class java.lang.Long
2025-04-07 20:58:01 DEBUG i.s.v.c.c.ModelConverterContextImpl:90 - resolve class com.diplom.restoran.entity.Waiter
2025-04-07 20:58:01 DEBUG i.s.v.c.c.ModelConverterContextImpl:90 - resolve [simple type, class java.lang.Long]
2025-04-07 20:58:01 DEBUG i.s.v.c.c.ModelConverterContextImpl:90 - resolve [simple type, class java.lang.String]
2025-04-07 20:58:01 DEBUG i.s.v.c.c.ModelConverterContextImpl:90 - resolve [collection type; class java.util.List, contains [simple type, class com.diplom.restoran.entity.CustomerOrder]]
2025-04-07 20:58:01 DEBUG i.s.v.c.c.ModelConverterContextImpl:90 - resolve [simple type, class com.diplom.restoran.entity.CustomerOrder]
2025-04-07 20:58:01 DEBUG i.s.v.c.c.ModelConverterContextImpl:90 - resolve [simple type, class com.diplom.restoran.entity.Chef]
2025-04-07 20:58:01 DEBUG i.s.v.c.c.ModelConverterContextImpl:90 - resolve [collection type; class java.util.List, contains [simple type, class com.diplom.restoran.entity.CustomerOrder]]
2025-04-07 20:58:01 DEBUG i.s.v.c.c.ModelConverterContextImpl:90 - resolve [simple type, class com.diplom.restoran.entity.CustomerOrder]
2025-04-07 20:58:01 DEBUG i.s.v.c.c.ModelConverterContextImpl:90 - resolve [simple type, class com.diplom.restoran.entity.Customer]
2025-04-07 20:58:01 DEBUG i.s.v.c.c.ModelConverterContextImpl:90 - resolve [simple type, class com.diplom.restoran.security.models.User]
2025-04-07 20:58:01 DEBUG i.s.v.c.c.ModelConverterContextImpl:90 - resolve [simple type, class java.lang.String]
2025-04-07 20:58:01 DEBUG i.s.v.c.c.ModelConverterContextImpl:90 - resolve [simple type, class java.lang.String]
2025-04-07 20:58:01 DEBUG i.s.v.c.c.ModelConverterContextImpl:90 - resolve [simple type, class java.lang.String]
2025-04-07 20:58:01 DEBUG i.s.v.c.c.ModelConverterContextImpl:90 - resolve [collection type; class java.util.Set, contains [simple type, class com.diplom.restoran.security.models.Role]]
2025-04-07 20:58:01 DEBUG i.s.v.c.c.ModelConverterContextImpl:90 - resolve [simple type, class com.diplom.restoran.security.models.Role]
2025-04-07 20:58:01 DEBUG i.s.v.c.c.ModelConverterContextImpl:90 - resolve [simple type, class java.lang.Integer]
2025-04-07 20:58:01 DEBUG i.s.v.c.c.ModelConverterContextImpl:90 - resolve [simple type, class com.diplom.restoran.security.models.ERole]
2025-04-07 20:58:01 DEBUG i.s.v.c.c.ModelConverterContextImpl:90 - resolve [simple type, class com.diplom.restoran.entity.Waiter]
2025-04-07 20:58:01 DEBUG i.s.v.c.c.ModelConverterContextImpl:90 - resolve [collection type; class java.util.List, contains [simple type, class com.diplom.restoran.entity.Dish]]
2025-04-07 20:58:01 DEBUG i.s.v.c.c.ModelConverterContextImpl:90 - resolve [simple type, class com.diplom.restoran.entity.Dish]
2025-04-07 20:58:01 DEBUG i.s.v.c.c.ModelConverterContextImpl:90 - resolve [simple type, class java.lang.String]
2025-04-07 20:58:01 DEBUG i.s.v.c.c.ModelConverterContextImpl:90 - resolve [simple type, class java.lang.Double]
2025-04-07 20:58:01 DEBUG i.s.v.c.c.ModelConverterContextImpl:90 - resolve [simple type, class java.lang.String]
2025-04-07 20:58:01 DEBUG i.s.v.c.c.ModelConverterContextImpl:90 - resolve [simple type, class java.lang.Boolean]
2025-04-07 20:58:01 DEBUG i.s.v.c.c.ModelConverterContextImpl:90 - resolve [simple type, class java.lang.Double]
2025-04-07 20:58:01 DEBUG i.s.v.c.c.ModelConverterContextImpl:90 - resolve [simple type, class java.lang.Boolean]
2025-04-07 20:58:01 DEBUG i.s.v.c.c.ModelConverterContextImpl:90 - resolve class java.lang.Long
2025-04-07 20:58:01 DEBUG i.s.v.c.c.ModelConverterContextImpl:90 - resolve class java.lang.Long
2025-04-07 20:58:01 DEBUG i.s.v.c.c.ModelConverterContextImpl:90 - resolve class java.lang.Long
2025-04-07 20:58:01 DEBUG i.s.v.c.c.ModelConverterContextImpl:90 - resolve class com.diplom.restoran.entity.Customer
2025-04-07 20:58:01 DEBUG i.s.v.c.c.ModelConverterContextImpl:90 - resolve [simple type, class java.lang.Long]
2025-04-07 20:58:01 DEBUG i.s.v.c.c.ModelConverterContextImpl:90 - resolve [simple type, class java.lang.String]
2025-04-07 20:58:01 DEBUG i.s.v.c.c.ModelConverterContextImpl:90 - resolve [collection type; class java.util.List, contains [simple type, class com.diplom.restoran.entity.CustomerOrder]]
2025-04-07 20:58:01 DEBUG i.s.v.c.c.ModelConverterContextImpl:90 - resolve [simple type, class com.diplom.restoran.entity.CustomerOrder]
2025-04-07 20:58:01 DEBUG i.s.v.c.c.ModelConverterContextImpl:90 - resolve [simple type, class com.diplom.restoran.entity.Chef]
2025-04-07 20:58:01 DEBUG i.s.v.c.c.ModelConverterContextImpl:90 - resolve [collection type; class java.util.List, contains [simple type, class com.diplom.restoran.entity.CustomerOrder]]
2025-04-07 20:58:01 DEBUG i.s.v.c.c.ModelConverterContextImpl:90 - resolve [simple type, class com.diplom.restoran.entity.CustomerOrder]
2025-04-07 20:58:01 DEBUG i.s.v.c.c.ModelConverterContextImpl:90 - resolve [simple type, class com.diplom.restoran.entity.Customer]
2025-04-07 20:58:01 DEBUG i.s.v.c.c.ModelConverterContextImpl:90 - resolve [simple type, class com.diplom.restoran.security.models.User]
2025-04-07 20:58:01 DEBUG i.s.v.c.c.ModelConverterContextImpl:90 - resolve [simple type, class java.lang.String]
2025-04-07 20:58:01 DEBUG i.s.v.c.c.ModelConverterContextImpl:90 - resolve [simple type, class java.lang.String]
2025-04-07 20:58:01 DEBUG i.s.v.c.c.ModelConverterContextImpl:90 - resolve [simple type, class java.lang.String]
2025-04-07 20:58:01 DEBUG i.s.v.c.c.ModelConverterContextImpl:90 - resolve [collection type; class java.util.Set, contains [simple type, class com.diplom.restoran.security.models.Role]]
2025-04-07 20:58:01 DEBUG i.s.v.c.c.ModelConverterContextImpl:90 - resolve [simple type, class com.diplom.restoran.security.models.Role]
2025-04-07 20:58:01 DEBUG i.s.v.c.c.ModelConverterContextImpl:90 - resolve [simple type, class java.lang.Integer]
2025-04-07 20:58:01 DEBUG i.s.v.c.c.ModelConverterContextImpl:90 - resolve [simple type, class com.diplom.restoran.security.models.ERole]
2025-04-07 20:58:01 DEBUG i.s.v.c.c.ModelConverterContextImpl:90 - resolve [simple type, class com.diplom.restoran.entity.Waiter]
2025-04-07 20:58:01 DEBUG i.s.v.c.c.ModelConverterContextImpl:90 - resolve [collection type; class java.util.List, contains [simple type, class com.diplom.restoran.entity.Dish]]
2025-04-07 20:58:01 DEBUG i.s.v.c.c.ModelConverterContextImpl:90 - resolve [simple type, class com.diplom.restoran.entity.Dish]
2025-04-07 20:58:01 DEBUG i.s.v.c.c.ModelConverterContextImpl:90 - resolve [simple type, class java.lang.String]
2025-04-07 20:58:01 DEBUG i.s.v.c.c.ModelConverterContextImpl:90 - resolve [simple type, class java.lang.Double]
2025-04-07 20:58:01 DEBUG i.s.v.c.c.ModelConverterContextImpl:90 - resolve [simple type, class java.lang.String]
2025-04-07 20:58:01 DEBUG i.s.v.c.c.ModelConverterContextImpl:90 - resolve [simple type, class java.lang.Boolean]
2025-04-07 20:58:01 DEBUG i.s.v.c.c.ModelConverterContextImpl:90 - resolve [simple type, class java.lang.Double]
2025-04-07 20:58:01 DEBUG i.s.v.c.c.ModelConverterContextImpl:90 - resolve [simple type, class java.lang.Boolean]
2025-04-07 20:58:01 INFO  o.s.a.AbstractOpenApiResource:409 - Init duration for springdoc-openapi is: 600 ms
2025-04-07 21:00:02 INFO  c.d.r.s.CustomerOrderService:161 - saveCustomerOrder1
2025-04-07 21:00:02 INFO  c.d.r.s.CustomerOrderService:214 - getCurrentCustomer
2025-04-07 21:02:38 INFO  c.d.r.c.CustomerOrderController:112 - Запрос на получение всех заказов admin
2025-04-07 21:03:01 INFO  c.d.r.c.CustomerOrderController:138 - Запрос на получение всех блюд где  с Waiter Null. admin
2025-04-07 21:03:01 INFO  c.d.r.s.CustomerOrderService:120 - customerOrderWithNullWaiter
2025-04-07 21:03:13 INFO  c.d.r.c.CustomerOrderController:118 - Добавление Waiter в CustomerOrder. 3,1,admin
2025-04-07 21:03:13 INFO  c.d.r.s.CustomerOrderService:109 - addWaiterToCustomerOrder
2025-04-07 21:03:59 INFO  c.d.r.s.ChefService:33 - getAllChefs
2025-04-07 21:04:07 INFO  c.d.r.c.CustomerOrderController:124 - Добавление Chef в CustomerOrder. 3,1,admin
2025-04-07 21:04:07 INFO  c.d.r.s.CustomerOrderService:100 - addChefToCustomerOrder
2025-04-07 21:04:59 INFO  c.d.r.c.CustomerOrderController:145 - Запрос на подсчет общей суммы в заказе 3,admin
2025-04-07 21:04:59 INFO  c.d.r.s.CustomerOrderService:129 - setAllPriceTotalAmount
2025-04-07 21:05:42 INFO  c.d.r.c.CustomerOrderController:153 - Запрос подтверждение оплаты 3,admin
2025-04-07 21:05:42 INFO  c.d.r.s.CustomerOrderService:198 - paidIsTrue
