2025-03-16 18:51:37 DEBUG o.j.logging:164 - Logging Provider: org.jboss.logging.Slf4jLoggerProvider found via system property
2025-03-16 18:51:37 INFO  c.d.r.RestoranApplication:53 - Starting RestoranApplication using Java 17.0.12 with PID 20912 (E:\Restoran\build\classes\java\main started by Тимур in E:\Restoran)
2025-03-16 18:51:37 DEBUG c.d.r.RestoranApplication:54 - Running with Spring Boot v3.4.2, Spring v6.2.2
2025-03-16 18:51:37 INFO  c.d.r.RestoranApplication:652 - No active profile set, falling back to 1 default profile: "default"
2025-03-16 18:51:41 DEBUG c.d.r.s.j.AuthTokenFilter:240 - Filter 'authenticationJwtTokenFilter' configured for use
2025-03-16 18:51:42 DEBUG _.s.w.s.H.Mappings:294 - 
	c.d.r.c.AdminController:
	{GET [/api/admins/{id}]}: findById(long)
	{POST [/api/admins]}: saveAdmin(AdminDTO)
	{GET [/api/admins]}: getAllAdmins()
	{GET [/api/admins/chefs/{adminId}]}: saveChefToAdmin(List,Long)
	{GET [/api/admins/waiters/{adminId}]}: saveWaitersToAdmin(List,Long)
2025-03-16 18:51:42 DEBUG _.s.w.s.H.Mappings:294 - 
	c.d.r.c.ChefController:
	{GET [/api/chef/waitersIsNull]}: getOrdersWithNullWaiter(Long)
	{GET [/api/chef/{customerOrderId}/{chefId}]}: saveCustomerOrderToChef(Long,Long)
	{GET [/api/chef/waitersAndChefsNull]}: getOrdersWithNullWaiterAndChef(Long)
	{GET [/api/chef/chefsIsNull]}: getOrdersWithNullChef(Long)
	{POST [/api/chef]}: saveChef(ChefDTO)
	{GET [/api/chef]}: findAllChefs()
	{GET [/api/chef/{id}]}: findChefById(Long)
2025-03-16 18:51:42 DEBUG _.s.w.s.H.Mappings:294 - 
	c.d.r.c.CustomerController:
	{DELETE [/api/customers/custmerorder/{customerId}/{customerOrderId}]}: removeCustomerOrderFromCustomer(Long,Long)
	{GET [/api/customers/custmerorder/{orderId}/{customerOrderId}]}: saveCustomerOrderToCustomer(Long,Long)
	{GET [/api/customers/getTotalAmount/{customerOrderId}]}: setAllPriceTotalAmount(Long)
	{POST [/api/customers]}: saveCustomer(CustomerDTO)
	{GET [/api/customers]}: getCustomers()
	{GET [/api/customers/me]}: getCurrentCustomer()
2025-03-16 18:51:42 DEBUG _.s.w.s.H.Mappings:294 - 
	c.d.r.c.CustomerOrderController:
	{POST [/api/customerOrders]}: createCustomerOrder(CustomerOrder)
	{GET [/api/customerOrders/customerOrderWithNullWaiter]}: customerOrderWithNullWaiter()
	{GET [/api/customerOrders/customerOrderWithNullChef]}: customerOrderWithNullChef()
	{GET [/api/customerOrders/totalAmountCustomerOrder]}: setAllPriceTotalAmount(Long)
	{GET [/api/customerOrders]}: getAllCustomerOrders()
	{POST [/api/customerOrders/DTO/1]}: saveCustomerOrder1(CustomerOrderDTO)
	{GET [/api/customerOrders/paidIsTrueId/{customerOrderId}]}: paidIsTrueId(Long)
	{GET [/api/customerOrders/addChefToCustomerOrder{customerOrderId}/addWaiter/{chefId}]}: addChef(Long,Long)
	{POST [/api/customerOrders/DTO]}: saveCustomerOrder(CustomerOrderDTO)
	{GET [/api/customerOrders/addWaiterToCustomerOrder{customerOrderId}/addWaiter/{waiterId}]}: addWaiter(Long,Long)
2025-03-16 18:51:42 DEBUG _.s.w.s.H.Mappings:294 - 
	c.d.r.c.DishController:
	{GET [/api/dishes/underPrice]}: getDishesUnderPrice(Double)
	{POST [/api/dishes]}: saveDish(DishDTO)
	{GET [/api/dishes]}: getAllDishes()
	{DELETE [/api/dishes/{id}]}: deleteDish(Long)
	{GET [/api/dishes/{id}]}: findDishById(long)
2025-03-16 18:51:42 DEBUG _.s.w.s.H.Mappings:294 - 
	c.d.r.c.WaiterController:
	{DELETE [/api/waiter/custmerorder/{waiterId}/{customerOrderIds}]}: removeCustomerOrderFromWaiter(Long,Long)
	{GET [/api/waiter/custmerorder/{waiterId}/{customerOrderIds}]}: saveCustomerOrderToWaiter(Long,Long)
	{POST [/api/waiter]}: saveWaiter(WaiterDTO)
	{GET [/api/waiter/addToCustomerOrder/{waiterId}/{customerOrderId}]}: addToCustomerOrder(Long,Long)
	{GET [/api/waiter]}: getWaiters()
2025-03-16 18:51:42 DEBUG _.s.w.s.H.Mappings:294 - 
	c.d.r.s.c.AuthController:
	{POST [/api/auth/signin]}: authenticateUser(LoginRequest)
	{POST [/api/auth/signup]}: registerUser(SignupRequest)
2025-03-16 18:51:42 DEBUG _.s.w.s.H.Mappings:294 - 
	o.s.b.a.w.s.e.BasicErrorController:
	{ [/error]}: error(HttpServletRequest)
	{ [/error], produces [text/html]}: errorHtml(HttpServletRequest,HttpServletResponse)
2025-03-16 18:51:42 DEBUG _.s.w.s.H.Mappings:294 - 
	o.s.w.a.OpenApiWebMvcResource:
	{GET [/v3/api-docs], produces [application/json]}: openapiJson(HttpServletRequest,String,Locale)
	{GET [/v3/api-docs.yaml], produces [application/vnd.oai.openapi]}: openapiYaml(HttpServletRequest,String,Locale)
2025-03-16 18:51:42 DEBUG _.s.w.s.H.Mappings:294 - 
	o.s.w.u.SwaggerWelcomeWebMvc:
	{GET [/swagger-ui.html]}: redirectToUi(HttpServletRequest)
2025-03-16 18:51:42 DEBUG _.s.w.s.H.Mappings:294 - 
	o.s.w.u.SwaggerConfigResource:
	{GET [/v3/api-docs/swagger-config], produces [application/json]}: openapiJson(HttpServletRequest)
2025-03-16 18:51:42 DEBUG _.s.w.s.H.Mappings:86 - 'beanNameHandlerMapping' {}
2025-03-16 18:51:42 DEBUG _.s.w.s.H.Mappings:176 - 'resourceHandlerMapping' {/webjars/**=ResourceHttpRequestHandler [classpath [META-INF/resources/webjars/]], /**=ResourceHttpRequestHandler [classpath [META-INF/resources/], classpath [resources/], classpath [static/], classpath [public/], ServletContext [/]], /swagger-ui*/*swagger-initializer.js=ResourceHttpRequestHandler [classpath [META-INF/resources/webjars/]], /swagger-ui*/**=ResourceHttpRequestHandler [classpath [META-INF/resources/webjars/]]}
2025-03-16 18:51:42 INFO  c.d.r.RestoranApplication:59 - Started RestoranApplication in 5.488 seconds (process running for 6.029)
2025-03-16 18:54:53 DEBUG o.j.logging:164 - Logging Provider: org.jboss.logging.Slf4jLoggerProvider found via system property
2025-03-16 18:54:53 INFO  c.d.r.RestoranApplication:53 - Starting RestoranApplication using Java 17.0.12 with PID 20020 (E:\Restoran\build\classes\java\main started by Тимур in E:\Restoran)
2025-03-16 18:54:53 DEBUG c.d.r.RestoranApplication:54 - Running with Spring Boot v3.4.2, Spring v6.2.2
2025-03-16 18:54:53 INFO  c.d.r.RestoranApplication:652 - No active profile set, falling back to 1 default profile: "default"
2025-03-16 18:54:57 DEBUG c.d.r.s.j.AuthTokenFilter:240 - Filter 'authenticationJwtTokenFilter' configured for use
2025-03-16 18:54:57 DEBUG _.s.w.s.H.Mappings:294 - 
	c.d.r.c.AdminController:
	{GET [/api/admins/{id}]}: findById(long)
	{GET [/api/admins]}: getAllAdmins()
	{GET [/api/admins/chefs/{adminId}]}: saveChefToAdmin(List,Long)
	{GET [/api/admins/waiters/{adminId}]}: saveWaitersToAdmin(List,Long)
	{POST [/api/admins]}: saveAdmin(AdminDTO)
2025-03-16 18:54:57 DEBUG _.s.w.s.H.Mappings:294 - 
	c.d.r.c.ChefController:
	{GET [/api/chef/{customerOrderId}/{chefId}]}: saveCustomerOrderToChef(Long,Long)
	{GET [/api/chef/chefsIsNull]}: getOrdersWithNullChef(Long)
	{GET [/api/chef/waitersIsNull]}: getOrdersWithNullWaiter(Long)
	{GET [/api/chef/waitersAndChefsNull]}: getOrdersWithNullWaiterAndChef(Long)
	{POST [/api/chef]}: saveChef(ChefDTO)
	{GET [/api/chef]}: findAllChefs()
	{GET [/api/chef/{id}]}: findChefById(Long)
2025-03-16 18:54:57 DEBUG _.s.w.s.H.Mappings:294 - 
	c.d.r.c.CustomerController:
	{DELETE [/api/customers/custmerorder/{customerId}/{customerOrderId}]}: removeCustomerOrderFromCustomer(Long,Long)
	{GET [/api/customers/custmerorder/{orderId}/{customerOrderId}]}: saveCustomerOrderToCustomer(Long,Long)
	{GET [/api/customers/getTotalAmount/{customerOrderId}]}: setAllPriceTotalAmount(Long)
	{GET [/api/customers]}: getCustomers()
	{POST [/api/customers]}: saveCustomer(CustomerDTO)
	{GET [/api/customers/me]}: getCurrentCustomer()
2025-03-16 18:54:57 DEBUG _.s.w.s.H.Mappings:294 - 
	c.d.r.c.CustomerOrderController:
	{GET [/api/customerOrders]}: getAllCustomerOrders()
	{GET [/api/customerOrders/customerOrderWithNullChef]}: customerOrderWithNullChef()
	{POST [/api/customerOrders]}: createCustomerOrder(CustomerOrder)
	{GET [/api/customerOrders/customerOrderWithNullWaiter]}: customerOrderWithNullWaiter()
	{GET [/api/customerOrders/totalAmountCustomerOrder]}: setAllPriceTotalAmount(Long)
	{POST [/api/customerOrders/DTO/1]}: saveCustomerOrder1(CustomerOrderDTO)
	{POST [/api/customerOrders/DTO]}: saveCustomerOrder(CustomerOrderDTO)
	{GET [/api/customerOrders/addChefToCustomerOrder{customerOrderId}/addWaiter/{chefId}]}: addChef(Long,Long)
	{GET [/api/customerOrders/addWaiterToCustomerOrder{customerOrderId}/addWaiter/{waiterId}]}: addWaiter(Long,Long)
	{GET [/api/customerOrders/paidIsTrueId/{customerOrderId}]}: paidIsTrueId(Long)
2025-03-16 18:54:57 DEBUG _.s.w.s.H.Mappings:294 - 
	c.d.r.c.DishController:
	{DELETE [/api/dishes/{id}]}: deleteDish(Long)
	{POST [/api/dishes]}: saveDish(DishDTO)
	{GET [/api/dishes]}: getAllDishes()
	{GET [/api/dishes/{id}]}: findDishById(long)
	{GET [/api/dishes/underPrice]}: getDishesUnderPrice(Double)
2025-03-16 18:54:57 DEBUG _.s.w.s.H.Mappings:294 - 
	c.d.r.c.WaiterController:
	{POST [/api/waiter]}: saveWaiter(WaiterDTO)
	{GET [/api/waiter]}: getWaiters()
	{GET [/api/waiter/addToCustomerOrder/{waiterId}/{customerOrderId}]}: addToCustomerOrder(Long,Long)
	{DELETE [/api/waiter/custmerorder/{waiterId}/{customerOrderIds}]}: removeCustomerOrderFromWaiter(Long,Long)
	{GET [/api/waiter/custmerorder/{waiterId}/{customerOrderIds}]}: saveCustomerOrderToWaiter(Long,Long)
2025-03-16 18:54:57 DEBUG _.s.w.s.H.Mappings:294 - 
	c.d.r.s.c.AuthController:
	{POST [/api/auth/signin]}: authenticateUser(LoginRequest)
	{POST [/api/auth/signup]}: registerUser(SignupRequest)
2025-03-16 18:54:57 DEBUG _.s.w.s.H.Mappings:294 - 
	o.s.b.a.w.s.e.BasicErrorController:
	{ [/error]}: error(HttpServletRequest)
	{ [/error], produces [text/html]}: errorHtml(HttpServletRequest,HttpServletResponse)
2025-03-16 18:54:57 DEBUG _.s.w.s.H.Mappings:294 - 
	o.s.w.a.OpenApiWebMvcResource:
	{GET [/v3/api-docs.yaml], produces [application/vnd.oai.openapi]}: openapiYaml(HttpServletRequest,String,Locale)
	{GET [/v3/api-docs], produces [application/json]}: openapiJson(HttpServletRequest,String,Locale)
2025-03-16 18:54:57 DEBUG _.s.w.s.H.Mappings:294 - 
	o.s.w.u.SwaggerWelcomeWebMvc:
	{GET [/swagger-ui.html]}: redirectToUi(HttpServletRequest)
2025-03-16 18:54:57 DEBUG _.s.w.s.H.Mappings:294 - 
	o.s.w.u.SwaggerConfigResource:
	{GET [/v3/api-docs/swagger-config], produces [application/json]}: openapiJson(HttpServletRequest)
2025-03-16 18:54:57 DEBUG _.s.w.s.H.Mappings:86 - 'beanNameHandlerMapping' {}
2025-03-16 18:54:57 DEBUG _.s.w.s.H.Mappings:176 - 'resourceHandlerMapping' {/webjars/**=ResourceHttpRequestHandler [classpath [META-INF/resources/webjars/]], /**=ResourceHttpRequestHandler [classpath [META-INF/resources/], classpath [resources/], classpath [static/], classpath [public/], ServletContext [/]], /swagger-ui*/*swagger-initializer.js=ResourceHttpRequestHandler [classpath [META-INF/resources/webjars/]], /swagger-ui*/**=ResourceHttpRequestHandler [classpath [META-INF/resources/webjars/]]}
2025-03-16 18:54:58 INFO  c.d.r.RestoranApplication:59 - Started RestoranApplication in 4.951 seconds (process running for 5.411)
2025-03-16 18:56:05 DEBUG i.s.v.c.c.ModelConverterContextImpl:90 - resolve class org.springdoc.api.ErrorMessage
2025-03-16 18:56:05 DEBUG i.s.v.c.c.ModelConverterContextImpl:90 - resolve [simple type, class java.util.UUID]
2025-03-16 18:56:05 DEBUG i.s.v.c.c.ModelConverterContextImpl:90 - resolve [simple type, class java.lang.String]
2025-03-16 18:56:05 DEBUG i.s.v.c.c.ModelConverterContextImpl:90 - resolve class org.springdoc.api.ErrorMessage
2025-03-16 18:56:05 DEBUG i.s.v.c.c.ModelConverterContextImpl:90 - resolve [simple type, class java.util.UUID]
2025-03-16 18:56:05 DEBUG i.s.v.c.c.ModelConverterContextImpl:90 - resolve [simple type, class java.lang.String]
2025-03-16 18:56:05 DEBUG i.s.v.c.c.ModelConverterContextImpl:90 - resolve class com.diplom.restoran.dto.WaiterDTO
2025-03-16 18:56:05 DEBUG i.s.v.c.c.ModelConverterContextImpl:90 - resolve [simple type, class java.lang.Long]
2025-03-16 18:56:05 DEBUG i.s.v.c.c.ModelConverterContextImpl:90 - resolve [simple type, class java.lang.String]
2025-03-16 18:56:05 DEBUG i.s.v.c.c.ModelConverterContextImpl:90 - resolve [collection type; class java.util.List, contains [simple type, class java.lang.Long]]
2025-03-16 18:56:05 DEBUG i.s.v.c.c.ModelConverterContextImpl:90 - resolve class com.diplom.restoran.dto.DishDTO
2025-03-16 18:56:05 DEBUG i.s.v.c.c.ModelConverterContextImpl:90 - resolve [simple type, class java.lang.Long]
2025-03-16 18:56:05 DEBUG i.s.v.c.c.ModelConverterContextImpl:90 - resolve [simple type, class java.lang.String]
2025-03-16 18:56:05 DEBUG i.s.v.c.c.ModelConverterContextImpl:90 - resolve [simple type, class java.lang.Double]
2025-03-16 18:56:05 DEBUG i.s.v.c.c.ModelConverterContextImpl:90 - resolve [simple type, class java.lang.Boolean]
2025-03-16 18:56:05 DEBUG i.s.v.c.c.ModelConverterContextImpl:90 - resolve [collection type; class java.util.List, contains [simple type, class java.lang.Long]]
2025-03-16 18:56:05 DEBUG i.s.v.c.c.ModelConverterContextImpl:90 - resolve class com.diplom.restoran.dto.CustomerDTO
2025-03-16 18:56:05 DEBUG i.s.v.c.c.ModelConverterContextImpl:90 - resolve [simple type, class java.lang.Long]
2025-03-16 18:56:05 DEBUG i.s.v.c.c.ModelConverterContextImpl:90 - resolve [simple type, class java.lang.String]
2025-03-16 18:56:05 DEBUG i.s.v.c.c.ModelConverterContextImpl:90 - resolve [collection type; class java.util.List, contains [simple type, class java.lang.Long]]
2025-03-16 18:56:05 DEBUG i.s.v.c.c.ModelConverterContextImpl:90 - resolve class com.diplom.restoran.entity.CustomerOrder
2025-03-16 18:56:05 DEBUG i.s.v.c.c.ModelConverterContextImpl:90 - resolve [simple type, class java.lang.Long]
2025-03-16 18:56:05 DEBUG i.s.v.c.c.ModelConverterContextImpl:90 - resolve [simple type, class com.diplom.restoran.entity.Chef]
2025-03-16 18:56:05 DEBUG i.s.v.c.c.ModelConverterContextImpl:90 - resolve [simple type, class java.lang.String]
2025-03-16 18:56:05 DEBUG i.s.v.c.c.ModelConverterContextImpl:90 - resolve [collection type; class java.util.List, contains [simple type, class com.diplom.restoran.entity.CustomerOrder]]
2025-03-16 18:56:05 DEBUG i.s.v.c.c.ModelConverterContextImpl:90 - resolve [simple type, class com.diplom.restoran.entity.CustomerOrder]
2025-03-16 18:56:05 DEBUG i.s.v.c.c.ModelConverterContextImpl:90 - resolve [simple type, class com.diplom.restoran.entity.Customer]
2025-03-16 18:56:05 DEBUG i.s.v.c.c.ModelConverterContextImpl:90 - resolve [simple type, class com.diplom.restoran.security.models.User]
2025-03-16 18:56:05 DEBUG i.s.v.c.c.ModelConverterContextImpl:90 - resolve [simple type, class java.lang.String]
2025-03-16 18:56:05 DEBUG i.s.v.c.c.ModelConverterContextImpl:90 - resolve [simple type, class java.lang.String]
2025-03-16 18:56:05 DEBUG i.s.v.c.c.ModelConverterContextImpl:90 - resolve [simple type, class java.lang.String]
2025-03-16 18:56:05 DEBUG i.s.v.c.c.ModelConverterContextImpl:90 - resolve [collection type; class java.util.Set, contains [simple type, class com.diplom.restoran.security.models.Role]]
2025-03-16 18:56:05 DEBUG i.s.v.c.c.ModelConverterContextImpl:90 - resolve [simple type, class com.diplom.restoran.security.models.Role]
2025-03-16 18:56:05 DEBUG i.s.v.c.c.ModelConverterContextImpl:90 - resolve [simple type, class java.lang.Integer]
2025-03-16 18:56:05 DEBUG i.s.v.c.c.ModelConverterContextImpl:90 - resolve [simple type, class com.diplom.restoran.security.models.ERole]
2025-03-16 18:56:05 DEBUG i.s.v.c.c.ModelConverterContextImpl:90 - resolve [simple type, class com.diplom.restoran.entity.Waiter]
2025-03-16 18:56:05 DEBUG i.s.v.c.c.ModelConverterContextImpl:90 - resolve [collection type; class java.util.List, contains [simple type, class com.diplom.restoran.entity.Dish]]
2025-03-16 18:56:05 DEBUG i.s.v.c.c.ModelConverterContextImpl:90 - resolve [simple type, class com.diplom.restoran.entity.Dish]
2025-03-16 18:56:05 DEBUG i.s.v.c.c.ModelConverterContextImpl:90 - resolve [simple type, class java.lang.String]
2025-03-16 18:56:05 DEBUG i.s.v.c.c.ModelConverterContextImpl:90 - resolve [simple type, class java.lang.Double]
2025-03-16 18:56:05 DEBUG i.s.v.c.c.ModelConverterContextImpl:90 - resolve [simple type, class java.lang.String]
2025-03-16 18:56:05 DEBUG i.s.v.c.c.ModelConverterContextImpl:90 - resolve [simple type, class java.lang.Boolean]
2025-03-16 18:56:05 DEBUG i.s.v.c.c.ModelConverterContextImpl:90 - resolve [simple type, class java.lang.Double]
2025-03-16 18:56:05 DEBUG i.s.v.c.c.ModelConverterContextImpl:90 - resolve [simple type, class java.lang.Boolean]
2025-03-16 18:56:05 DEBUG i.s.v.c.c.ModelConverterContextImpl:90 - resolve org.springframework.http.ResponseEntity<com.diplom.restoran.entity.CustomerOrder>
2025-03-16 18:56:05 DEBUG i.s.v.c.c.ModelConverterContextImpl:90 - resolve [simple type, class com.diplom.restoran.entity.CustomerOrder]
2025-03-16 18:56:05 DEBUG i.s.v.c.c.ModelConverterContextImpl:90 - resolve [simple type, class java.lang.Long]
2025-03-16 18:56:05 DEBUG i.s.v.c.c.ModelConverterContextImpl:90 - resolve [simple type, class com.diplom.restoran.entity.Chef]
2025-03-16 18:56:05 DEBUG i.s.v.c.c.ModelConverterContextImpl:90 - resolve [simple type, class java.lang.String]
2025-03-16 18:56:05 DEBUG i.s.v.c.c.ModelConverterContextImpl:90 - resolve [collection type; class java.util.List, contains [simple type, class com.diplom.restoran.entity.CustomerOrder]]
2025-03-16 18:56:05 DEBUG i.s.v.c.c.ModelConverterContextImpl:90 - resolve [simple type, class com.diplom.restoran.entity.CustomerOrder]
2025-03-16 18:56:05 DEBUG i.s.v.c.c.ModelConverterContextImpl:90 - resolve [simple type, class com.diplom.restoran.entity.Customer]
2025-03-16 18:56:05 DEBUG i.s.v.c.c.ModelConverterContextImpl:90 - resolve [simple type, class com.diplom.restoran.security.models.User]
2025-03-16 18:56:05 DEBUG i.s.v.c.c.ModelConverterContextImpl:90 - resolve [simple type, class java.lang.String]
2025-03-16 18:56:05 DEBUG i.s.v.c.c.ModelConverterContextImpl:90 - resolve [simple type, class java.lang.String]
2025-03-16 18:56:05 DEBUG i.s.v.c.c.ModelConverterContextImpl:90 - resolve [simple type, class java.lang.String]
2025-03-16 18:56:05 DEBUG i.s.v.c.c.ModelConverterContextImpl:90 - resolve [collection type; class java.util.Set, contains [simple type, class com.diplom.restoran.security.models.Role]]
2025-03-16 18:56:05 DEBUG i.s.v.c.c.ModelConverterContextImpl:90 - resolve [simple type, class com.diplom.restoran.security.models.Role]
2025-03-16 18:56:05 DEBUG i.s.v.c.c.ModelConverterContextImpl:90 - resolve [simple type, class java.lang.Integer]
2025-03-16 18:56:05 DEBUG i.s.v.c.c.ModelConverterContextImpl:90 - resolve [simple type, class com.diplom.restoran.security.models.ERole]
2025-03-16 18:56:05 DEBUG i.s.v.c.c.ModelConverterContextImpl:90 - resolve [simple type, class com.diplom.restoran.entity.Waiter]
2025-03-16 18:56:05 DEBUG i.s.v.c.c.ModelConverterContextImpl:90 - resolve [collection type; class java.util.List, contains [simple type, class com.diplom.restoran.entity.Dish]]
2025-03-16 18:56:05 DEBUG i.s.v.c.c.ModelConverterContextImpl:90 - resolve [simple type, class com.diplom.restoran.entity.Dish]
2025-03-16 18:56:05 DEBUG i.s.v.c.c.ModelConverterContextImpl:90 - resolve [simple type, class java.lang.String]
2025-03-16 18:56:05 DEBUG i.s.v.c.c.ModelConverterContextImpl:90 - resolve [simple type, class java.lang.Double]
2025-03-16 18:56:05 DEBUG i.s.v.c.c.ModelConverterContextImpl:90 - resolve [simple type, class java.lang.String]
2025-03-16 18:56:05 DEBUG i.s.v.c.c.ModelConverterContextImpl:90 - resolve [simple type, class java.lang.Boolean]
2025-03-16 18:56:05 DEBUG i.s.v.c.c.ModelConverterContextImpl:90 - resolve [simple type, class java.lang.Double]
2025-03-16 18:56:05 DEBUG i.s.v.c.c.ModelConverterContextImpl:90 - resolve [simple type, class java.lang.Boolean]
2025-03-16 18:56:05 DEBUG i.s.v.c.c.ModelConverterContextImpl:90 - resolve class com.diplom.restoran.dto.CustomerOrderDTO
2025-03-16 18:56:05 DEBUG i.s.v.c.c.ModelConverterContextImpl:90 - resolve [simple type, class java.lang.Long]
2025-03-16 18:56:05 DEBUG i.s.v.c.c.ModelConverterContextImpl:90 - resolve [simple type, class java.lang.String]
2025-03-16 18:56:05 DEBUG i.s.v.c.c.ModelConverterContextImpl:90 - resolve [collection type; class java.util.List, contains [simple type, class java.lang.Long]]
2025-03-16 18:56:05 DEBUG i.s.v.c.c.ModelConverterContextImpl:90 - resolve [simple type, class java.lang.Double]
2025-03-16 18:56:05 DEBUG i.s.v.c.c.ModelConverterContextImpl:90 - resolve [simple type, class java.lang.Boolean]
2025-03-16 18:56:05 DEBUG i.s.v.c.c.ModelConverterContextImpl:90 - resolve class com.diplom.restoran.entity.CustomerOrder
2025-03-16 18:56:05 DEBUG i.s.v.c.c.ModelConverterContextImpl:90 - resolve [simple type, class java.lang.Long]
2025-03-16 18:56:05 DEBUG i.s.v.c.c.ModelConverterContextImpl:90 - resolve [simple type, class com.diplom.restoran.entity.Chef]
2025-03-16 18:56:05 DEBUG i.s.v.c.c.ModelConverterContextImpl:90 - resolve [simple type, class java.lang.String]
2025-03-16 18:56:05 DEBUG i.s.v.c.c.ModelConverterContextImpl:90 - resolve [collection type; class java.util.List, contains [simple type, class com.diplom.restoran.entity.CustomerOrder]]
2025-03-16 18:56:05 DEBUG i.s.v.c.c.ModelConverterContextImpl:90 - resolve [simple type, class com.diplom.restoran.entity.CustomerOrder]
2025-03-16 18:56:05 DEBUG i.s.v.c.c.ModelConverterContextImpl:90 - resolve [simple type, class com.diplom.restoran.entity.Customer]
2025-03-16 18:56:05 DEBUG i.s.v.c.c.ModelConverterContextImpl:90 - resolve [simple type, class com.diplom.restoran.security.models.User]
2025-03-16 18:56:05 DEBUG i.s.v.c.c.ModelConverterContextImpl:90 - resolve [simple type, class java.lang.String]
2025-03-16 18:56:05 DEBUG i.s.v.c.c.ModelConverterContextImpl:90 - resolve [simple type, class java.lang.String]
2025-03-16 18:56:05 DEBUG i.s.v.c.c.ModelConverterContextImpl:90 - resolve [simple type, class java.lang.String]
2025-03-16 18:56:05 DEBUG i.s.v.c.c.ModelConverterContextImpl:90 - resolve [collection type; class java.util.Set, contains [simple type, class com.diplom.restoran.security.models.Role]]
2025-03-16 18:56:05 DEBUG i.s.v.c.c.ModelConverterContextImpl:90 - resolve [simple type, class com.diplom.restoran.security.models.Role]
2025-03-16 18:56:05 DEBUG i.s.v.c.c.ModelConverterContextImpl:90 - resolve [simple type, class java.lang.Integer]
2025-03-16 18:56:05 DEBUG i.s.v.c.c.ModelConverterContextImpl:90 - resolve [simple type, class com.diplom.restoran.security.models.ERole]
2025-03-16 18:56:05 DEBUG i.s.v.c.c.ModelConverterContextImpl:90 - resolve [simple type, class com.diplom.restoran.entity.Waiter]
2025-03-16 18:56:05 DEBUG i.s.v.c.c.ModelConverterContextImpl:90 - resolve [collection type; class java.util.List, contains [simple type, class com.diplom.restoran.entity.Dish]]
2025-03-16 18:56:05 DEBUG i.s.v.c.c.ModelConverterContextImpl:90 - resolve [simple type, class com.diplom.restoran.entity.Dish]
2025-03-16 18:56:05 DEBUG i.s.v.c.c.ModelConverterContextImpl:90 - resolve [simple type, class java.lang.String]
2025-03-16 18:56:05 DEBUG i.s.v.c.c.ModelConverterContextImpl:90 - resolve [simple type, class java.lang.Double]
2025-03-16 18:56:05 DEBUG i.s.v.c.c.ModelConverterContextImpl:90 - resolve [simple type, class java.lang.String]
2025-03-16 18:56:05 DEBUG i.s.v.c.c.ModelConverterContextImpl:90 - resolve [simple type, class java.lang.Boolean]
2025-03-16 18:56:05 DEBUG i.s.v.c.c.ModelConverterContextImpl:90 - resolve [simple type, class java.lang.Double]
2025-03-16 18:56:05 DEBUG i.s.v.c.c.ModelConverterContextImpl:90 - resolve [simple type, class java.lang.Boolean]
2025-03-16 18:56:05 DEBUG i.s.v.c.c.ModelConverterContextImpl:90 - resolve class com.diplom.restoran.dto.CustomerOrderDTO
2025-03-16 18:56:05 DEBUG i.s.v.c.c.ModelConverterContextImpl:90 - resolve [simple type, class java.lang.Long]
2025-03-16 18:56:05 DEBUG i.s.v.c.c.ModelConverterContextImpl:90 - resolve [simple type, class java.lang.String]
2025-03-16 18:56:05 DEBUG i.s.v.c.c.ModelConverterContextImpl:90 - resolve [collection type; class java.util.List, contains [simple type, class java.lang.Long]]
2025-03-16 18:56:05 DEBUG i.s.v.c.c.ModelConverterContextImpl:90 - resolve [simple type, class java.lang.Double]
2025-03-16 18:56:05 DEBUG i.s.v.c.c.ModelConverterContextImpl:90 - resolve [simple type, class java.lang.Boolean]
2025-03-16 18:56:05 DEBUG i.s.v.c.c.ModelConverterContextImpl:90 - resolve class com.diplom.restoran.entity.CustomerOrder
2025-03-16 18:56:05 DEBUG i.s.v.c.c.ModelConverterContextImpl:90 - resolve [simple type, class java.lang.Long]
2025-03-16 18:56:05 DEBUG i.s.v.c.c.ModelConverterContextImpl:90 - resolve [simple type, class com.diplom.restoran.entity.Chef]
2025-03-16 18:56:05 DEBUG i.s.v.c.c.ModelConverterContextImpl:90 - resolve [simple type, class java.lang.String]
2025-03-16 18:56:05 DEBUG i.s.v.c.c.ModelConverterContextImpl:90 - resolve [collection type; class java.util.List, contains [simple type, class com.diplom.restoran.entity.CustomerOrder]]
2025-03-16 18:56:05 DEBUG i.s.v.c.c.ModelConverterContextImpl:90 - resolve [simple type, class com.diplom.restoran.entity.CustomerOrder]
2025-03-16 18:56:05 DEBUG i.s.v.c.c.ModelConverterContextImpl:90 - resolve [simple type, class com.diplom.restoran.entity.Customer]
2025-03-16 18:56:05 DEBUG i.s.v.c.c.ModelConverterContextImpl:90 - resolve [simple type, class com.diplom.restoran.security.models.User]
2025-03-16 18:56:05 DEBUG i.s.v.c.c.ModelConverterContextImpl:90 - resolve [simple type, class java.lang.String]
2025-03-16 18:56:05 DEBUG i.s.v.c.c.ModelConverterContextImpl:90 - resolve [simple type, class java.lang.String]
2025-03-16 18:56:05 DEBUG i.s.v.c.c.ModelConverterContextImpl:90 - resolve [simple type, class java.lang.String]
2025-03-16 18:56:05 DEBUG i.s.v.c.c.ModelConverterContextImpl:90 - resolve [collection type; class java.util.Set, contains [simple type, class com.diplom.restoran.security.models.Role]]
2025-03-16 18:56:05 DEBUG i.s.v.c.c.ModelConverterContextImpl:90 - resolve [simple type, class com.diplom.restoran.security.models.Role]
2025-03-16 18:56:05 DEBUG i.s.v.c.c.ModelConverterContextImpl:90 - resolve [simple type, class java.lang.Integer]
2025-03-16 18:56:05 DEBUG i.s.v.c.c.ModelConverterContextImpl:90 - resolve [simple type, class com.diplom.restoran.security.models.ERole]
2025-03-16 18:56:05 DEBUG i.s.v.c.c.ModelConverterContextImpl:90 - resolve [simple type, class com.diplom.restoran.entity.Waiter]
2025-03-16 18:56:05 DEBUG i.s.v.c.c.ModelConverterContextImpl:90 - resolve [collection type; class java.util.List, contains [simple type, class com.diplom.restoran.entity.Dish]]
2025-03-16 18:56:05 DEBUG i.s.v.c.c.ModelConverterContextImpl:90 - resolve [simple type, class com.diplom.restoran.entity.Dish]
2025-03-16 18:56:05 DEBUG i.s.v.c.c.ModelConverterContextImpl:90 - resolve [simple type, class java.lang.String]
2025-03-16 18:56:05 DEBUG i.s.v.c.c.ModelConverterContextImpl:90 - resolve [simple type, class java.lang.Double]
2025-03-16 18:56:05 DEBUG i.s.v.c.c.ModelConverterContextImpl:90 - resolve [simple type, class java.lang.String]
2025-03-16 18:56:05 DEBUG i.s.v.c.c.ModelConverterContextImpl:90 - resolve [simple type, class java.lang.Boolean]
2025-03-16 18:56:05 DEBUG i.s.v.c.c.ModelConverterContextImpl:90 - resolve [simple type, class java.lang.Double]
2025-03-16 18:56:05 DEBUG i.s.v.c.c.ModelConverterContextImpl:90 - resolve [simple type, class java.lang.Boolean]
2025-03-16 18:56:05 DEBUG i.s.v.c.c.ModelConverterContextImpl:90 - resolve class com.diplom.restoran.dto.ChefDTO
2025-03-16 18:56:05 DEBUG i.s.v.c.c.ModelConverterContextImpl:90 - resolve [simple type, class java.lang.Long]
2025-03-16 18:56:05 DEBUG i.s.v.c.c.ModelConverterContextImpl:90 - resolve [simple type, class java.lang.String]
2025-03-16 18:56:05 DEBUG i.s.v.c.c.ModelConverterContextImpl:90 - resolve [collection type; class java.util.List, contains [simple type, class java.lang.Long]]
2025-03-16 18:56:05 DEBUG i.s.v.c.c.ModelConverterContextImpl:90 - resolve class com.diplom.restoran.security.request.SignupRequest
2025-03-16 18:56:05 DEBUG i.s.v.c.c.ModelConverterContextImpl:90 - resolve [simple type, class java.lang.String]
2025-03-16 18:56:05 DEBUG i.s.v.c.c.ModelConverterContextImpl:90 - resolve [simple type, class java.lang.String]
2025-03-16 18:56:05 DEBUG i.s.v.c.c.ModelConverterContextImpl:90 - resolve [collection type; class java.util.Set, contains [simple type, class java.lang.String]]
2025-03-16 18:56:05 DEBUG i.s.v.c.c.ModelConverterContextImpl:90 - resolve [simple type, class java.lang.String]
2025-03-16 18:56:05 DEBUG i.s.v.c.c.ModelConverterContextImpl:90 - resolve [simple type, class java.lang.String]
2025-03-16 18:56:05 DEBUG i.s.v.c.c.ModelConverterContextImpl:90 - resolve org.springframework.http.ResponseEntity<?>
2025-03-16 18:56:05 DEBUG i.s.v.c.c.ModelConverterContextImpl:90 - resolve [simple type, class java.lang.Object]
2025-03-16 18:56:05 DEBUG i.s.v.c.c.ModelConverterContextImpl:90 - resolve class com.diplom.restoran.security.request.LoginRequest
2025-03-16 18:56:05 DEBUG i.s.v.c.c.ModelConverterContextImpl:90 - resolve [simple type, class java.lang.String]
2025-03-16 18:56:05 DEBUG i.s.v.c.c.ModelConverterContextImpl:90 - resolve org.springframework.http.ResponseEntity<?>
2025-03-16 18:56:05 DEBUG i.s.v.c.c.ModelConverterContextImpl:90 - resolve [simple type, class java.lang.Object]
2025-03-16 18:56:05 DEBUG i.s.v.c.c.ModelConverterContextImpl:90 - resolve class com.diplom.restoran.dto.AdminDTO
2025-03-16 18:56:05 DEBUG i.s.v.c.c.ModelConverterContextImpl:90 - resolve [simple type, class java.lang.Long]
2025-03-16 18:56:05 DEBUG i.s.v.c.c.ModelConverterContextImpl:90 - resolve [simple type, class java.lang.String]
2025-03-16 18:56:05 DEBUG i.s.v.c.c.ModelConverterContextImpl:90 - resolve [collection type; class java.util.List, contains [simple type, class java.lang.Long]]
2025-03-16 18:56:05 DEBUG i.s.v.c.c.ModelConverterContextImpl:90 - resolve class com.diplom.restoran.dto.WaiterDTO
2025-03-16 18:56:05 DEBUG i.s.v.c.c.ModelConverterContextImpl:90 - resolve [simple type, class java.lang.Long]
2025-03-16 18:56:05 DEBUG i.s.v.c.c.ModelConverterContextImpl:90 - resolve [simple type, class java.lang.String]
2025-03-16 18:56:05 DEBUG i.s.v.c.c.ModelConverterContextImpl:90 - resolve [collection type; class java.util.List, contains [simple type, class java.lang.Long]]
2025-03-16 18:56:05 DEBUG i.s.v.c.c.ModelConverterContextImpl:90 - resolve class java.lang.Long
2025-03-16 18:56:05 DEBUG i.s.v.c.c.ModelConverterContextImpl:90 - resolve class java.lang.Long
2025-03-16 18:56:05 DEBUG i.s.v.c.c.ModelConverterContextImpl:90 - resolve class com.diplom.restoran.entity.Waiter
2025-03-16 18:56:05 DEBUG i.s.v.c.c.ModelConverterContextImpl:90 - resolve [simple type, class java.lang.Long]
2025-03-16 18:56:05 DEBUG i.s.v.c.c.ModelConverterContextImpl:90 - resolve [simple type, class java.lang.String]
2025-03-16 18:56:05 DEBUG i.s.v.c.c.ModelConverterContextImpl:90 - resolve [collection type; class java.util.List, contains [simple type, class com.diplom.restoran.entity.CustomerOrder]]
2025-03-16 18:56:05 DEBUG i.s.v.c.c.ModelConverterContextImpl:90 - resolve [simple type, class com.diplom.restoran.entity.CustomerOrder]
2025-03-16 18:56:05 DEBUG i.s.v.c.c.ModelConverterContextImpl:90 - resolve [simple type, class com.diplom.restoran.entity.Chef]
2025-03-16 18:56:05 DEBUG i.s.v.c.c.ModelConverterContextImpl:90 - resolve [collection type; class java.util.List, contains [simple type, class com.diplom.restoran.entity.CustomerOrder]]
2025-03-16 18:56:05 DEBUG i.s.v.c.c.ModelConverterContextImpl:90 - resolve [simple type, class com.diplom.restoran.entity.CustomerOrder]
2025-03-16 18:56:05 DEBUG i.s.v.c.c.ModelConverterContextImpl:90 - resolve [simple type, class com.diplom.restoran.entity.Customer]
2025-03-16 18:56:05 DEBUG i.s.v.c.c.ModelConverterContextImpl:90 - resolve [simple type, class com.diplom.restoran.security.models.User]
2025-03-16 18:56:05 DEBUG i.s.v.c.c.ModelConverterContextImpl:90 - resolve [simple type, class java.lang.String]
2025-03-16 18:56:05 DEBUG i.s.v.c.c.ModelConverterContextImpl:90 - resolve [simple type, class java.lang.String]
2025-03-16 18:56:05 DEBUG i.s.v.c.c.ModelConverterContextImpl:90 - resolve [simple type, class java.lang.String]
2025-03-16 18:56:05 DEBUG i.s.v.c.c.ModelConverterContextImpl:90 - resolve [collection type; class java.util.Set, contains [simple type, class com.diplom.restoran.security.models.Role]]
2025-03-16 18:56:05 DEBUG i.s.v.c.c.ModelConverterContextImpl:90 - resolve [simple type, class com.diplom.restoran.security.models.Role]
2025-03-16 18:56:05 DEBUG i.s.v.c.c.ModelConverterContextImpl:90 - resolve [simple type, class java.lang.Integer]
2025-03-16 18:56:05 DEBUG i.s.v.c.c.ModelConverterContextImpl:90 - resolve [simple type, class com.diplom.restoran.security.models.ERole]
2025-03-16 18:56:05 DEBUG i.s.v.c.c.ModelConverterContextImpl:90 - resolve [simple type, class com.diplom.restoran.entity.Waiter]
2025-03-16 18:56:05 DEBUG i.s.v.c.c.ModelConverterContextImpl:90 - resolve [collection type; class java.util.List, contains [simple type, class com.diplom.restoran.entity.Dish]]
2025-03-16 18:56:05 DEBUG i.s.v.c.c.ModelConverterContextImpl:90 - resolve [simple type, class com.diplom.restoran.entity.Dish]
2025-03-16 18:56:05 DEBUG i.s.v.c.c.ModelConverterContextImpl:90 - resolve [simple type, class java.lang.String]
2025-03-16 18:56:05 DEBUG i.s.v.c.c.ModelConverterContextImpl:90 - resolve [simple type, class java.lang.Double]
2025-03-16 18:56:05 DEBUG i.s.v.c.c.ModelConverterContextImpl:90 - resolve [simple type, class java.lang.String]
2025-03-16 18:56:05 DEBUG i.s.v.c.c.ModelConverterContextImpl:90 - resolve [simple type, class java.lang.Boolean]
2025-03-16 18:56:05 DEBUG i.s.v.c.c.ModelConverterContextImpl:90 - resolve [simple type, class java.lang.Double]
2025-03-16 18:56:05 DEBUG i.s.v.c.c.ModelConverterContextImpl:90 - resolve [simple type, class java.lang.Boolean]
2025-03-16 18:56:05 DEBUG i.s.v.c.c.ModelConverterContextImpl:90 - resolve class java.lang.Long
2025-03-16 18:56:05 DEBUG i.s.v.c.c.ModelConverterContextImpl:90 - resolve class java.lang.Long
2025-03-16 18:56:05 DEBUG i.s.v.c.c.ModelConverterContextImpl:90 - resolve class com.diplom.restoran.entity.Waiter
2025-03-16 18:56:05 DEBUG i.s.v.c.c.ModelConverterContextImpl:90 - resolve [simple type, class java.lang.Long]
2025-03-16 18:56:05 DEBUG i.s.v.c.c.ModelConverterContextImpl:90 - resolve [simple type, class java.lang.String]
2025-03-16 18:56:05 DEBUG i.s.v.c.c.ModelConverterContextImpl:90 - resolve [collection type; class java.util.List, contains [simple type, class com.diplom.restoran.entity.CustomerOrder]]
2025-03-16 18:56:05 DEBUG i.s.v.c.c.ModelConverterContextImpl:90 - resolve [simple type, class com.diplom.restoran.entity.CustomerOrder]
2025-03-16 18:56:05 DEBUG i.s.v.c.c.ModelConverterContextImpl:90 - resolve [simple type, class com.diplom.restoran.entity.Chef]
2025-03-16 18:56:05 DEBUG i.s.v.c.c.ModelConverterContextImpl:90 - resolve [collection type; class java.util.List, contains [simple type, class com.diplom.restoran.entity.CustomerOrder]]
2025-03-16 18:56:05 DEBUG i.s.v.c.c.ModelConverterContextImpl:90 - resolve [simple type, class com.diplom.restoran.entity.CustomerOrder]
2025-03-16 18:56:05 DEBUG i.s.v.c.c.ModelConverterContextImpl:90 - resolve [simple type, class com.diplom.restoran.entity.Customer]
2025-03-16 18:56:05 DEBUG i.s.v.c.c.ModelConverterContextImpl:90 - resolve [simple type, class com.diplom.restoran.security.models.User]
2025-03-16 18:56:05 DEBUG i.s.v.c.c.ModelConverterContextImpl:90 - resolve [simple type, class java.lang.String]
2025-03-16 18:56:05 DEBUG i.s.v.c.c.ModelConverterContextImpl:90 - resolve [simple type, class java.lang.String]
2025-03-16 18:56:05 DEBUG i.s.v.c.c.ModelConverterContextImpl:90 - resolve [simple type, class java.lang.String]
2025-03-16 18:56:05 DEBUG i.s.v.c.c.ModelConverterContextImpl:90 - resolve [collection type; class java.util.Set, contains [simple type, class com.diplom.restoran.security.models.Role]]
2025-03-16 18:56:05 DEBUG i.s.v.c.c.ModelConverterContextImpl:90 - resolve [simple type, class com.diplom.restoran.security.models.Role]
2025-03-16 18:56:05 DEBUG i.s.v.c.c.ModelConverterContextImpl:90 - resolve [simple type, class java.lang.Integer]
2025-03-16 18:56:05 DEBUG i.s.v.c.c.ModelConverterContextImpl:90 - resolve [simple type, class com.diplom.restoran.security.models.ERole]
2025-03-16 18:56:05 DEBUG i.s.v.c.c.ModelConverterContextImpl:90 - resolve [simple type, class com.diplom.restoran.entity.Waiter]
2025-03-16 18:56:05 DEBUG i.s.v.c.c.ModelConverterContextImpl:90 - resolve [collection type; class java.util.List, contains [simple type, class com.diplom.restoran.entity.Dish]]
2025-03-16 18:56:05 DEBUG i.s.v.c.c.ModelConverterContextImpl:90 - resolve [simple type, class com.diplom.restoran.entity.Dish]
2025-03-16 18:56:05 DEBUG i.s.v.c.c.ModelConverterContextImpl:90 - resolve [simple type, class java.lang.String]
2025-03-16 18:56:05 DEBUG i.s.v.c.c.ModelConverterContextImpl:90 - resolve [simple type, class java.lang.Double]
2025-03-16 18:56:05 DEBUG i.s.v.c.c.ModelConverterContextImpl:90 - resolve [simple type, class java.lang.String]
2025-03-16 18:56:05 DEBUG i.s.v.c.c.ModelConverterContextImpl:90 - resolve [simple type, class java.lang.Boolean]
2025-03-16 18:56:05 DEBUG i.s.v.c.c.ModelConverterContextImpl:90 - resolve [simple type, class java.lang.Double]
2025-03-16 18:56:05 DEBUG i.s.v.c.c.ModelConverterContextImpl:90 - resolve [simple type, class java.lang.Boolean]
2025-03-16 18:56:05 DEBUG i.s.v.c.c.ModelConverterContextImpl:90 - resolve java.util.List<com.diplom.restoran.dto.DishDTO>
2025-03-16 18:56:05 DEBUG i.s.v.c.c.ModelConverterContextImpl:90 - resolve [simple type, class com.diplom.restoran.dto.DishDTO]
2025-03-16 18:56:05 DEBUG i.s.v.c.c.ModelConverterContextImpl:90 - resolve [simple type, class java.lang.Long]
2025-03-16 18:56:05 DEBUG i.s.v.c.c.ModelConverterContextImpl:90 - resolve [simple type, class java.lang.String]
2025-03-16 18:56:05 DEBUG i.s.v.c.c.ModelConverterContextImpl:90 - resolve [simple type, class java.lang.Double]
2025-03-16 18:56:05 DEBUG i.s.v.c.c.ModelConverterContextImpl:90 - resolve [simple type, class java.lang.Boolean]
2025-03-16 18:56:05 DEBUG i.s.v.c.c.ModelConverterContextImpl:90 - resolve [collection type; class java.util.List, contains [simple type, class java.lang.Long]]
2025-03-16 18:56:05 DEBUG i.s.v.c.c.ModelConverterContextImpl:90 - resolve long
2025-03-16 18:56:05 DEBUG i.s.v.c.c.ModelConverterContextImpl:90 - resolve class com.diplom.restoran.dto.DishDTO
2025-03-16 18:56:05 DEBUG i.s.v.c.c.ModelConverterContextImpl:90 - resolve [simple type, class java.lang.Long]
2025-03-16 18:56:05 DEBUG i.s.v.c.c.ModelConverterContextImpl:90 - resolve [simple type, class java.lang.String]
2025-03-16 18:56:05 DEBUG i.s.v.c.c.ModelConverterContextImpl:90 - resolve [simple type, class java.lang.Double]
2025-03-16 18:56:05 DEBUG i.s.v.c.c.ModelConverterContextImpl:90 - resolve [simple type, class java.lang.Boolean]
2025-03-16 18:56:05 DEBUG i.s.v.c.c.ModelConverterContextImpl:90 - resolve [collection type; class java.util.List, contains [simple type, class java.lang.Long]]
2025-03-16 18:56:05 DEBUG i.s.v.c.c.ModelConverterContextImpl:90 - resolve class java.lang.Double
2025-03-16 18:56:05 DEBUG i.s.v.c.c.ModelConverterContextImpl:90 - resolve java.util.List<com.diplom.restoran.dto.DishDTO>
2025-03-16 18:56:05 DEBUG i.s.v.c.c.ModelConverterContextImpl:90 - resolve [simple type, class com.diplom.restoran.dto.DishDTO]
2025-03-16 18:56:05 DEBUG i.s.v.c.c.ModelConverterContextImpl:90 - resolve [simple type, class java.lang.Long]
2025-03-16 18:56:05 DEBUG i.s.v.c.c.ModelConverterContextImpl:90 - resolve [simple type, class java.lang.String]
2025-03-16 18:56:05 DEBUG i.s.v.c.c.ModelConverterContextImpl:90 - resolve [simple type, class java.lang.Double]
2025-03-16 18:56:05 DEBUG i.s.v.c.c.ModelConverterContextImpl:90 - resolve [simple type, class java.lang.Boolean]
2025-03-16 18:56:05 DEBUG i.s.v.c.c.ModelConverterContextImpl:90 - resolve [collection type; class java.util.List, contains [simple type, class java.lang.Long]]
2025-03-16 18:56:05 DEBUG i.s.v.c.c.ModelConverterContextImpl:90 - resolve java.util.List<com.diplom.restoran.dto.CustomerDTO>
2025-03-16 18:56:05 DEBUG i.s.v.c.c.ModelConverterContextImpl:90 - resolve [simple type, class com.diplom.restoran.dto.CustomerDTO]
2025-03-16 18:56:05 DEBUG i.s.v.c.c.ModelConverterContextImpl:90 - resolve [simple type, class java.lang.Long]
2025-03-16 18:56:05 DEBUG i.s.v.c.c.ModelConverterContextImpl:90 - resolve [simple type, class java.lang.String]
2025-03-16 18:56:05 DEBUG i.s.v.c.c.ModelConverterContextImpl:90 - resolve [collection type; class java.util.List, contains [simple type, class java.lang.Long]]
2025-03-16 18:56:05 DEBUG i.s.v.c.c.ModelConverterContextImpl:90 - resolve org.springframework.http.ResponseEntity<?>
2025-03-16 18:56:05 DEBUG i.s.v.c.c.ModelConverterContextImpl:90 - resolve [simple type, class java.lang.Object]
2025-03-16 18:56:05 DEBUG i.s.v.c.c.ModelConverterContextImpl:90 - resolve class java.lang.Long
2025-03-16 18:56:05 DEBUG i.s.v.c.c.ModelConverterContextImpl:90 - resolve class java.lang.Double
2025-03-16 18:56:05 DEBUG i.s.v.c.c.ModelConverterContextImpl:90 - resolve class java.lang.Long
2025-03-16 18:56:05 DEBUG i.s.v.c.c.ModelConverterContextImpl:90 - resolve class java.lang.Long
2025-03-16 18:56:05 DEBUG i.s.v.c.c.ModelConverterContextImpl:90 - resolve class com.diplom.restoran.entity.Customer
2025-03-16 18:56:05 DEBUG i.s.v.c.c.ModelConverterContextImpl:90 - resolve [simple type, class java.lang.Long]
2025-03-16 18:56:05 DEBUG i.s.v.c.c.ModelConverterContextImpl:90 - resolve [simple type, class java.lang.String]
2025-03-16 18:56:05 DEBUG i.s.v.c.c.ModelConverterContextImpl:90 - resolve [collection type; class java.util.List, contains [simple type, class com.diplom.restoran.entity.CustomerOrder]]
2025-03-16 18:56:05 DEBUG i.s.v.c.c.ModelConverterContextImpl:90 - resolve [simple type, class com.diplom.restoran.entity.CustomerOrder]
2025-03-16 18:56:05 DEBUG i.s.v.c.c.ModelConverterContextImpl:90 - resolve [simple type, class com.diplom.restoran.entity.Chef]
2025-03-16 18:56:05 DEBUG i.s.v.c.c.ModelConverterContextImpl:90 - resolve [collection type; class java.util.List, contains [simple type, class com.diplom.restoran.entity.CustomerOrder]]
2025-03-16 18:56:05 DEBUG i.s.v.c.c.ModelConverterContextImpl:90 - resolve [simple type, class com.diplom.restoran.entity.CustomerOrder]
2025-03-16 18:56:05 DEBUG i.s.v.c.c.ModelConverterContextImpl:90 - resolve [simple type, class com.diplom.restoran.entity.Customer]
2025-03-16 18:56:05 DEBUG i.s.v.c.c.ModelConverterContextImpl:90 - resolve [simple type, class com.diplom.restoran.security.models.User]
2025-03-16 18:56:05 DEBUG i.s.v.c.c.ModelConverterContextImpl:90 - resolve [simple type, class java.lang.String]
2025-03-16 18:56:05 DEBUG i.s.v.c.c.ModelConverterContextImpl:90 - resolve [simple type, class java.lang.String]
2025-03-16 18:56:05 DEBUG i.s.v.c.c.ModelConverterContextImpl:90 - resolve [simple type, class java.lang.String]
2025-03-16 18:56:05 DEBUG i.s.v.c.c.ModelConverterContextImpl:90 - resolve [collection type; class java.util.Set, contains [simple type, class com.diplom.restoran.security.models.Role]]
2025-03-16 18:56:05 DEBUG i.s.v.c.c.ModelConverterContextImpl:90 - resolve [simple type, class com.diplom.restoran.security.models.Role]
2025-03-16 18:56:05 DEBUG i.s.v.c.c.ModelConverterContextImpl:90 - resolve [simple type, class java.lang.Integer]
2025-03-16 18:56:05 DEBUG i.s.v.c.c.ModelConverterContextImpl:90 - resolve [simple type, class com.diplom.restoran.security.models.ERole]
2025-03-16 18:56:05 DEBUG i.s.v.c.c.ModelConverterContextImpl:90 - resolve [simple type, class com.diplom.restoran.entity.Waiter]
2025-03-16 18:56:05 DEBUG i.s.v.c.c.ModelConverterContextImpl:90 - resolve [collection type; class java.util.List, contains [simple type, class com.diplom.restoran.entity.Dish]]
2025-03-16 18:56:05 DEBUG i.s.v.c.c.ModelConverterContextImpl:90 - resolve [simple type, class com.diplom.restoran.entity.Dish]
2025-03-16 18:56:05 DEBUG i.s.v.c.c.ModelConverterContextImpl:90 - resolve [simple type, class java.lang.String]
2025-03-16 18:56:05 DEBUG i.s.v.c.c.ModelConverterContextImpl:90 - resolve [simple type, class java.lang.Double]
2025-03-16 18:56:05 DEBUG i.s.v.c.c.ModelConverterContextImpl:90 - resolve [simple type, class java.lang.String]
2025-03-16 18:56:05 DEBUG i.s.v.c.c.ModelConverterContextImpl:90 - resolve [simple type, class java.lang.Boolean]
2025-03-16 18:56:05 DEBUG i.s.v.c.c.ModelConverterContextImpl:90 - resolve [simple type, class java.lang.Double]
2025-03-16 18:56:05 DEBUG i.s.v.c.c.ModelConverterContextImpl:90 - resolve [simple type, class java.lang.Boolean]
2025-03-16 18:56:05 DEBUG i.s.v.c.c.ModelConverterContextImpl:90 - resolve java.util.List<com.diplom.restoran.entity.CustomerOrder>
2025-03-16 18:56:05 DEBUG i.s.v.c.c.ModelConverterContextImpl:90 - resolve [simple type, class com.diplom.restoran.entity.CustomerOrder]
2025-03-16 18:56:05 DEBUG i.s.v.c.c.ModelConverterContextImpl:90 - resolve [simple type, class java.lang.Long]
2025-03-16 18:56:05 DEBUG i.s.v.c.c.ModelConverterContextImpl:90 - resolve [simple type, class com.diplom.restoran.entity.Chef]
2025-03-16 18:56:05 DEBUG i.s.v.c.c.ModelConverterContextImpl:90 - resolve [simple type, class java.lang.String]
2025-03-16 18:56:05 DEBUG i.s.v.c.c.ModelConverterContextImpl:90 - resolve [collection type; class java.util.List, contains [simple type, class com.diplom.restoran.entity.CustomerOrder]]
2025-03-16 18:56:05 DEBUG i.s.v.c.c.ModelConverterContextImpl:90 - resolve [simple type, class com.diplom.restoran.entity.CustomerOrder]
2025-03-16 18:56:05 DEBUG i.s.v.c.c.ModelConverterContextImpl:90 - resolve [simple type, class com.diplom.restoran.entity.Customer]
2025-03-16 18:56:05 DEBUG i.s.v.c.c.ModelConverterContextImpl:90 - resolve [simple type, class com.diplom.restoran.security.models.User]
2025-03-16 18:56:05 DEBUG i.s.v.c.c.ModelConverterContextImpl:90 - resolve [simple type, class java.lang.String]
2025-03-16 18:56:05 DEBUG i.s.v.c.c.ModelConverterContextImpl:90 - resolve [simple type, class java.lang.String]
2025-03-16 18:56:05 DEBUG i.s.v.c.c.ModelConverterContextImpl:90 - resolve [simple type, class java.lang.String]
2025-03-16 18:56:05 DEBUG i.s.v.c.c.ModelConverterContextImpl:90 - resolve [collection type; class java.util.Set, contains [simple type, class com.diplom.restoran.security.models.Role]]
2025-03-16 18:56:05 DEBUG i.s.v.c.c.ModelConverterContextImpl:90 - resolve [simple type, class com.diplom.restoran.security.models.Role]
2025-03-16 18:56:05 DEBUG i.s.v.c.c.ModelConverterContextImpl:90 - resolve [simple type, class java.lang.Integer]
2025-03-16 18:56:05 DEBUG i.s.v.c.c.ModelConverterContextImpl:90 - resolve [simple type, class com.diplom.restoran.security.models.ERole]
2025-03-16 18:56:05 DEBUG i.s.v.c.c.ModelConverterContextImpl:90 - resolve [simple type, class com.diplom.restoran.entity.Waiter]
2025-03-16 18:56:05 DEBUG i.s.v.c.c.ModelConverterContextImpl:90 - resolve [collection type; class java.util.List, contains [simple type, class com.diplom.restoran.entity.Dish]]
2025-03-16 18:56:05 DEBUG i.s.v.c.c.ModelConverterContextImpl:90 - resolve [simple type, class com.diplom.restoran.entity.Dish]
2025-03-16 18:56:05 DEBUG i.s.v.c.c.ModelConverterContextImpl:90 - resolve [simple type, class java.lang.String]
2025-03-16 18:56:05 DEBUG i.s.v.c.c.ModelConverterContextImpl:90 - resolve [simple type, class java.lang.Double]
2025-03-16 18:56:05 DEBUG i.s.v.c.c.ModelConverterContextImpl:90 - resolve [simple type, class java.lang.String]
2025-03-16 18:56:05 DEBUG i.s.v.c.c.ModelConverterContextImpl:90 - resolve [simple type, class java.lang.Boolean]
2025-03-16 18:56:05 DEBUG i.s.v.c.c.ModelConverterContextImpl:90 - resolve [simple type, class java.lang.Double]
2025-03-16 18:56:05 DEBUG i.s.v.c.c.ModelConverterContextImpl:90 - resolve [simple type, class java.lang.Boolean]
2025-03-16 18:56:05 DEBUG i.s.v.c.c.ModelConverterContextImpl:90 - resolve class java.lang.Long
2025-03-16 18:56:05 DEBUG i.s.v.c.c.ModelConverterContextImpl:90 - resolve class java.lang.Double
2025-03-16 18:56:05 DEBUG i.s.v.c.c.ModelConverterContextImpl:90 - resolve class java.lang.Long
2025-03-16 18:56:05 DEBUG i.s.v.c.c.ModelConverterContextImpl:90 - resolve class com.diplom.restoran.entity.CustomerOrder
2025-03-16 18:56:05 DEBUG i.s.v.c.c.ModelConverterContextImpl:90 - resolve [simple type, class java.lang.Long]
2025-03-16 18:56:05 DEBUG i.s.v.c.c.ModelConverterContextImpl:90 - resolve [simple type, class com.diplom.restoran.entity.Chef]
2025-03-16 18:56:05 DEBUG i.s.v.c.c.ModelConverterContextImpl:90 - resolve [simple type, class java.lang.String]
2025-03-16 18:56:05 DEBUG i.s.v.c.c.ModelConverterContextImpl:90 - resolve [collection type; class java.util.List, contains [simple type, class com.diplom.restoran.entity.CustomerOrder]]
2025-03-16 18:56:05 DEBUG i.s.v.c.c.ModelConverterContextImpl:90 - resolve [simple type, class com.diplom.restoran.entity.CustomerOrder]
2025-03-16 18:56:05 DEBUG i.s.v.c.c.ModelConverterContextImpl:90 - resolve [simple type, class com.diplom.restoran.entity.Customer]
2025-03-16 18:56:05 DEBUG i.s.v.c.c.ModelConverterContextImpl:90 - resolve [simple type, class com.diplom.restoran.security.models.User]
2025-03-16 18:56:05 DEBUG i.s.v.c.c.ModelConverterContextImpl:90 - resolve [simple type, class java.lang.String]
2025-03-16 18:56:05 DEBUG i.s.v.c.c.ModelConverterContextImpl:90 - resolve [simple type, class java.lang.String]
2025-03-16 18:56:05 DEBUG i.s.v.c.c.ModelConverterContextImpl:90 - resolve [simple type, class java.lang.String]
2025-03-16 18:56:05 DEBUG i.s.v.c.c.ModelConverterContextImpl:90 - resolve [collection type; class java.util.Set, contains [simple type, class com.diplom.restoran.security.models.Role]]
2025-03-16 18:56:05 DEBUG i.s.v.c.c.ModelConverterContextImpl:90 - resolve [simple type, class com.diplom.restoran.security.models.Role]
2025-03-16 18:56:05 DEBUG i.s.v.c.c.ModelConverterContextImpl:90 - resolve [simple type, class java.lang.Integer]
2025-03-16 18:56:05 DEBUG i.s.v.c.c.ModelConverterContextImpl:90 - resolve [simple type, class com.diplom.restoran.security.models.ERole]
2025-03-16 18:56:05 DEBUG i.s.v.c.c.ModelConverterContextImpl:90 - resolve [simple type, class com.diplom.restoran.entity.Waiter]
2025-03-16 18:56:05 DEBUG i.s.v.c.c.ModelConverterContextImpl:90 - resolve [collection type; class java.util.List, contains [simple type, class com.diplom.restoran.entity.Dish]]
2025-03-16 18:56:05 DEBUG i.s.v.c.c.ModelConverterContextImpl:90 - resolve [simple type, class com.diplom.restoran.entity.Dish]
2025-03-16 18:56:05 DEBUG i.s.v.c.c.ModelConverterContextImpl:90 - resolve [simple type, class java.lang.String]
2025-03-16 18:56:05 DEBUG i.s.v.c.c.ModelConverterContextImpl:90 - resolve [simple type, class java.lang.Double]
2025-03-16 18:56:05 DEBUG i.s.v.c.c.ModelConverterContextImpl:90 - resolve [simple type, class java.lang.String]
2025-03-16 18:56:05 DEBUG i.s.v.c.c.ModelConverterContextImpl:90 - resolve [simple type, class java.lang.Boolean]
2025-03-16 18:56:05 DEBUG i.s.v.c.c.ModelConverterContextImpl:90 - resolve [simple type, class java.lang.Double]
2025-03-16 18:56:05 DEBUG i.s.v.c.c.ModelConverterContextImpl:90 - resolve [simple type, class java.lang.Boolean]
2025-03-16 18:56:05 DEBUG i.s.v.c.c.ModelConverterContextImpl:90 - resolve java.util.List<com.diplom.restoran.entity.CustomerOrder>
2025-03-16 18:56:05 DEBUG i.s.v.c.c.ModelConverterContextImpl:90 - resolve [simple type, class com.diplom.restoran.entity.CustomerOrder]
2025-03-16 18:56:05 DEBUG i.s.v.c.c.ModelConverterContextImpl:90 - resolve [simple type, class java.lang.Long]
2025-03-16 18:56:05 DEBUG i.s.v.c.c.ModelConverterContextImpl:90 - resolve [simple type, class com.diplom.restoran.entity.Chef]
2025-03-16 18:56:05 DEBUG i.s.v.c.c.ModelConverterContextImpl:90 - resolve [simple type, class java.lang.String]
2025-03-16 18:56:05 DEBUG i.s.v.c.c.ModelConverterContextImpl:90 - resolve [collection type; class java.util.List, contains [simple type, class com.diplom.restoran.entity.CustomerOrder]]
2025-03-16 18:56:05 DEBUG i.s.v.c.c.ModelConverterContextImpl:90 - resolve [simple type, class com.diplom.restoran.entity.CustomerOrder]
2025-03-16 18:56:05 DEBUG i.s.v.c.c.ModelConverterContextImpl:90 - resolve [simple type, class com.diplom.restoran.entity.Customer]
2025-03-16 18:56:05 DEBUG i.s.v.c.c.ModelConverterContextImpl:90 - resolve [simple type, class com.diplom.restoran.security.models.User]
2025-03-16 18:56:05 DEBUG i.s.v.c.c.ModelConverterContextImpl:90 - resolve [simple type, class java.lang.String]
2025-03-16 18:56:05 DEBUG i.s.v.c.c.ModelConverterContextImpl:90 - resolve [simple type, class java.lang.String]
2025-03-16 18:56:05 DEBUG i.s.v.c.c.ModelConverterContextImpl:90 - resolve [simple type, class java.lang.String]
2025-03-16 18:56:05 DEBUG i.s.v.c.c.ModelConverterContextImpl:90 - resolve [collection type; class java.util.Set, contains [simple type, class com.diplom.restoran.security.models.Role]]
2025-03-16 18:56:05 DEBUG i.s.v.c.c.ModelConverterContextImpl:90 - resolve [simple type, class com.diplom.restoran.security.models.Role]
2025-03-16 18:56:05 DEBUG i.s.v.c.c.ModelConverterContextImpl:90 - resolve [simple type, class java.lang.Integer]
2025-03-16 18:56:05 DEBUG i.s.v.c.c.ModelConverterContextImpl:90 - resolve [simple type, class com.diplom.restoran.security.models.ERole]
2025-03-16 18:56:05 DEBUG i.s.v.c.c.ModelConverterContextImpl:90 - resolve [simple type, class com.diplom.restoran.entity.Waiter]
2025-03-16 18:56:05 DEBUG i.s.v.c.c.ModelConverterContextImpl:90 - resolve [collection type; class java.util.List, contains [simple type, class com.diplom.restoran.entity.Dish]]
2025-03-16 18:56:05 DEBUG i.s.v.c.c.ModelConverterContextImpl:90 - resolve [simple type, class com.diplom.restoran.entity.Dish]
2025-03-16 18:56:05 DEBUG i.s.v.c.c.ModelConverterContextImpl:90 - resolve [simple type, class java.lang.String]
2025-03-16 18:56:05 DEBUG i.s.v.c.c.ModelConverterContextImpl:90 - resolve [simple type, class java.lang.Double]
2025-03-16 18:56:05 DEBUG i.s.v.c.c.ModelConverterContextImpl:90 - resolve [simple type, class java.lang.String]
2025-03-16 18:56:05 DEBUG i.s.v.c.c.ModelConverterContextImpl:90 - resolve [simple type, class java.lang.Boolean]
2025-03-16 18:56:05 DEBUG i.s.v.c.c.ModelConverterContextImpl:90 - resolve [simple type, class java.lang.Double]
2025-03-16 18:56:05 DEBUG i.s.v.c.c.ModelConverterContextImpl:90 - resolve [simple type, class java.lang.Boolean]
2025-03-16 18:56:05 DEBUG i.s.v.c.c.ModelConverterContextImpl:90 - resolve java.util.List<com.diplom.restoran.entity.CustomerOrder>
2025-03-16 18:56:05 DEBUG i.s.v.c.c.ModelConverterContextImpl:90 - resolve [simple type, class com.diplom.restoran.entity.CustomerOrder]
2025-03-16 18:56:05 DEBUG i.s.v.c.c.ModelConverterContextImpl:90 - resolve [simple type, class java.lang.Long]
2025-03-16 18:56:05 DEBUG i.s.v.c.c.ModelConverterContextImpl:90 - resolve [simple type, class com.diplom.restoran.entity.Chef]
2025-03-16 18:56:05 DEBUG i.s.v.c.c.ModelConverterContextImpl:90 - resolve [simple type, class java.lang.String]
2025-03-16 18:56:05 DEBUG i.s.v.c.c.ModelConverterContextImpl:90 - resolve [collection type; class java.util.List, contains [simple type, class com.diplom.restoran.entity.CustomerOrder]]
2025-03-16 18:56:05 DEBUG i.s.v.c.c.ModelConverterContextImpl:90 - resolve [simple type, class com.diplom.restoran.entity.CustomerOrder]
2025-03-16 18:56:05 DEBUG i.s.v.c.c.ModelConverterContextImpl:90 - resolve [simple type, class com.diplom.restoran.entity.Customer]
2025-03-16 18:56:05 DEBUG i.s.v.c.c.ModelConverterContextImpl:90 - resolve [simple type, class com.diplom.restoran.security.models.User]
2025-03-16 18:56:05 DEBUG i.s.v.c.c.ModelConverterContextImpl:90 - resolve [simple type, class java.lang.String]
2025-03-16 18:56:05 DEBUG i.s.v.c.c.ModelConverterContextImpl:90 - resolve [simple type, class java.lang.String]
2025-03-16 18:56:05 DEBUG i.s.v.c.c.ModelConverterContextImpl:90 - resolve [simple type, class java.lang.String]
2025-03-16 18:56:05 DEBUG i.s.v.c.c.ModelConverterContextImpl:90 - resolve [collection type; class java.util.Set, contains [simple type, class com.diplom.restoran.security.models.Role]]
2025-03-16 18:56:05 DEBUG i.s.v.c.c.ModelConverterContextImpl:90 - resolve [simple type, class com.diplom.restoran.security.models.Role]
2025-03-16 18:56:05 DEBUG i.s.v.c.c.ModelConverterContextImpl:90 - resolve [simple type, class java.lang.Integer]
2025-03-16 18:56:05 DEBUG i.s.v.c.c.ModelConverterContextImpl:90 - resolve [simple type, class com.diplom.restoran.security.models.ERole]
2025-03-16 18:56:05 DEBUG i.s.v.c.c.ModelConverterContextImpl:90 - resolve [simple type, class com.diplom.restoran.entity.Waiter]
2025-03-16 18:56:05 DEBUG i.s.v.c.c.ModelConverterContextImpl:90 - resolve [collection type; class java.util.List, contains [simple type, class com.diplom.restoran.entity.Dish]]
2025-03-16 18:56:05 DEBUG i.s.v.c.c.ModelConverterContextImpl:90 - resolve [simple type, class com.diplom.restoran.entity.Dish]
2025-03-16 18:56:05 DEBUG i.s.v.c.c.ModelConverterContextImpl:90 - resolve [simple type, class java.lang.String]
2025-03-16 18:56:05 DEBUG i.s.v.c.c.ModelConverterContextImpl:90 - resolve [simple type, class java.lang.Double]
2025-03-16 18:56:05 DEBUG i.s.v.c.c.ModelConverterContextImpl:90 - resolve [simple type, class java.lang.String]
2025-03-16 18:56:05 DEBUG i.s.v.c.c.ModelConverterContextImpl:90 - resolve [simple type, class java.lang.Boolean]
2025-03-16 18:56:05 DEBUG i.s.v.c.c.ModelConverterContextImpl:90 - resolve [simple type, class java.lang.Double]
2025-03-16 18:56:05 DEBUG i.s.v.c.c.ModelConverterContextImpl:90 - resolve [simple type, class java.lang.Boolean]
2025-03-16 18:56:05 DEBUG i.s.v.c.c.ModelConverterContextImpl:90 - resolve class java.lang.Long
2025-03-16 18:56:05 DEBUG i.s.v.c.c.ModelConverterContextImpl:90 - resolve class java.lang.Long
2025-03-16 18:56:05 DEBUG i.s.v.c.c.ModelConverterContextImpl:90 - resolve class com.diplom.restoran.entity.CustomerOrder
2025-03-16 18:56:05 DEBUG i.s.v.c.c.ModelConverterContextImpl:90 - resolve [simple type, class java.lang.Long]
2025-03-16 18:56:05 DEBUG i.s.v.c.c.ModelConverterContextImpl:90 - resolve [simple type, class com.diplom.restoran.entity.Chef]
2025-03-16 18:56:05 DEBUG i.s.v.c.c.ModelConverterContextImpl:90 - resolve [simple type, class java.lang.String]
2025-03-16 18:56:05 DEBUG i.s.v.c.c.ModelConverterContextImpl:90 - resolve [collection type; class java.util.List, contains [simple type, class com.diplom.restoran.entity.CustomerOrder]]
2025-03-16 18:56:05 DEBUG i.s.v.c.c.ModelConverterContextImpl:90 - resolve [simple type, class com.diplom.restoran.entity.CustomerOrder]
2025-03-16 18:56:05 DEBUG i.s.v.c.c.ModelConverterContextImpl:90 - resolve [simple type, class com.diplom.restoran.entity.Customer]
2025-03-16 18:56:05 DEBUG i.s.v.c.c.ModelConverterContextImpl:90 - resolve [simple type, class com.diplom.restoran.security.models.User]
2025-03-16 18:56:05 DEBUG i.s.v.c.c.ModelConverterContextImpl:90 - resolve [simple type, class java.lang.String]
2025-03-16 18:56:05 DEBUG i.s.v.c.c.ModelConverterContextImpl:90 - resolve [simple type, class java.lang.String]
2025-03-16 18:56:05 DEBUG i.s.v.c.c.ModelConverterContextImpl:90 - resolve [simple type, class java.lang.String]
2025-03-16 18:56:05 DEBUG i.s.v.c.c.ModelConverterContextImpl:90 - resolve [collection type; class java.util.Set, contains [simple type, class com.diplom.restoran.security.models.Role]]
2025-03-16 18:56:05 DEBUG i.s.v.c.c.ModelConverterContextImpl:90 - resolve [simple type, class com.diplom.restoran.security.models.Role]
2025-03-16 18:56:05 DEBUG i.s.v.c.c.ModelConverterContextImpl:90 - resolve [simple type, class java.lang.Integer]
2025-03-16 18:56:05 DEBUG i.s.v.c.c.ModelConverterContextImpl:90 - resolve [simple type, class com.diplom.restoran.security.models.ERole]
2025-03-16 18:56:05 DEBUG i.s.v.c.c.ModelConverterContextImpl:90 - resolve [simple type, class com.diplom.restoran.entity.Waiter]
2025-03-16 18:56:05 DEBUG i.s.v.c.c.ModelConverterContextImpl:90 - resolve [collection type; class java.util.List, contains [simple type, class com.diplom.restoran.entity.Dish]]
2025-03-16 18:56:05 DEBUG i.s.v.c.c.ModelConverterContextImpl:90 - resolve [simple type, class com.diplom.restoran.entity.Dish]
2025-03-16 18:56:05 DEBUG i.s.v.c.c.ModelConverterContextImpl:90 - resolve [simple type, class java.lang.String]
2025-03-16 18:56:05 DEBUG i.s.v.c.c.ModelConverterContextImpl:90 - resolve [simple type, class java.lang.Double]
2025-03-16 18:56:05 DEBUG i.s.v.c.c.ModelConverterContextImpl:90 - resolve [simple type, class java.lang.String]
2025-03-16 18:56:05 DEBUG i.s.v.c.c.ModelConverterContextImpl:90 - resolve [simple type, class java.lang.Boolean]
2025-03-16 18:56:05 DEBUG i.s.v.c.c.ModelConverterContextImpl:90 - resolve [simple type, class java.lang.Double]
2025-03-16 18:56:05 DEBUG i.s.v.c.c.ModelConverterContextImpl:90 - resolve [simple type, class java.lang.Boolean]
2025-03-16 18:56:05 DEBUG i.s.v.c.c.ModelConverterContextImpl:90 - resolve class java.lang.Long
2025-03-16 18:56:05 DEBUG i.s.v.c.c.ModelConverterContextImpl:90 - resolve class java.lang.Long
2025-03-16 18:56:05 DEBUG i.s.v.c.c.ModelConverterContextImpl:90 - resolve class com.diplom.restoran.entity.CustomerOrder
2025-03-16 18:56:05 DEBUG i.s.v.c.c.ModelConverterContextImpl:90 - resolve [simple type, class java.lang.Long]
2025-03-16 18:56:05 DEBUG i.s.v.c.c.ModelConverterContextImpl:90 - resolve [simple type, class com.diplom.restoran.entity.Chef]
2025-03-16 18:56:05 DEBUG i.s.v.c.c.ModelConverterContextImpl:90 - resolve [simple type, class java.lang.String]
2025-03-16 18:56:05 DEBUG i.s.v.c.c.ModelConverterContextImpl:90 - resolve [collection type; class java.util.List, contains [simple type, class com.diplom.restoran.entity.CustomerOrder]]
2025-03-16 18:56:05 DEBUG i.s.v.c.c.ModelConverterContextImpl:90 - resolve [simple type, class com.diplom.restoran.entity.CustomerOrder]
2025-03-16 18:56:05 DEBUG i.s.v.c.c.ModelConverterContextImpl:90 - resolve [simple type, class com.diplom.restoran.entity.Customer]
2025-03-16 18:56:05 DEBUG i.s.v.c.c.ModelConverterContextImpl:90 - resolve [simple type, class com.diplom.restoran.security.models.User]
2025-03-16 18:56:05 DEBUG i.s.v.c.c.ModelConverterContextImpl:90 - resolve [simple type, class java.lang.String]
2025-03-16 18:56:05 DEBUG i.s.v.c.c.ModelConverterContextImpl:90 - resolve [simple type, class java.lang.String]
2025-03-16 18:56:05 DEBUG i.s.v.c.c.ModelConverterContextImpl:90 - resolve [simple type, class java.lang.String]
2025-03-16 18:56:05 DEBUG i.s.v.c.c.ModelConverterContextImpl:90 - resolve [collection type; class java.util.Set, contains [simple type, class com.diplom.restoran.security.models.Role]]
2025-03-16 18:56:05 DEBUG i.s.v.c.c.ModelConverterContextImpl:90 - resolve [simple type, class com.diplom.restoran.security.models.Role]
2025-03-16 18:56:05 DEBUG i.s.v.c.c.ModelConverterContextImpl:90 - resolve [simple type, class java.lang.Integer]
2025-03-16 18:56:05 DEBUG i.s.v.c.c.ModelConverterContextImpl:90 - resolve [simple type, class com.diplom.restoran.security.models.ERole]
2025-03-16 18:56:05 DEBUG i.s.v.c.c.ModelConverterContextImpl:90 - resolve [simple type, class com.diplom.restoran.entity.Waiter]
2025-03-16 18:56:06 DEBUG i.s.v.c.c.ModelConverterContextImpl:90 - resolve [collection type; class java.util.List, contains [simple type, class com.diplom.restoran.entity.Dish]]
2025-03-16 18:56:06 DEBUG i.s.v.c.c.ModelConverterContextImpl:90 - resolve [simple type, class com.diplom.restoran.entity.Dish]
2025-03-16 18:56:06 DEBUG i.s.v.c.c.ModelConverterContextImpl:90 - resolve [simple type, class java.lang.String]
2025-03-16 18:56:06 DEBUG i.s.v.c.c.ModelConverterContextImpl:90 - resolve [simple type, class java.lang.Double]
2025-03-16 18:56:06 DEBUG i.s.v.c.c.ModelConverterContextImpl:90 - resolve [simple type, class java.lang.String]
2025-03-16 18:56:06 DEBUG i.s.v.c.c.ModelConverterContextImpl:90 - resolve [simple type, class java.lang.Boolean]
2025-03-16 18:56:06 DEBUG i.s.v.c.c.ModelConverterContextImpl:90 - resolve [simple type, class java.lang.Double]
2025-03-16 18:56:06 DEBUG i.s.v.c.c.ModelConverterContextImpl:90 - resolve [simple type, class java.lang.Boolean]
2025-03-16 18:56:06 DEBUG i.s.v.c.c.ModelConverterContextImpl:90 - resolve java.util.List<com.diplom.restoran.dto.ChefDTO>
2025-03-16 18:56:06 DEBUG i.s.v.c.c.ModelConverterContextImpl:90 - resolve [simple type, class com.diplom.restoran.dto.ChefDTO]
2025-03-16 18:56:06 DEBUG i.s.v.c.c.ModelConverterContextImpl:90 - resolve [simple type, class java.lang.Long]
2025-03-16 18:56:06 DEBUG i.s.v.c.c.ModelConverterContextImpl:90 - resolve [simple type, class java.lang.String]
2025-03-16 18:56:06 DEBUG i.s.v.c.c.ModelConverterContextImpl:90 - resolve [collection type; class java.util.List, contains [simple type, class java.lang.Long]]
2025-03-16 18:56:06 DEBUG i.s.v.c.c.ModelConverterContextImpl:90 - resolve class java.lang.Long
2025-03-16 18:56:06 DEBUG i.s.v.c.c.ModelConverterContextImpl:90 - resolve class com.diplom.restoran.dto.ChefDTO
2025-03-16 18:56:06 DEBUG i.s.v.c.c.ModelConverterContextImpl:90 - resolve [simple type, class java.lang.Long]
2025-03-16 18:56:06 DEBUG i.s.v.c.c.ModelConverterContextImpl:90 - resolve [simple type, class java.lang.String]
2025-03-16 18:56:06 DEBUG i.s.v.c.c.ModelConverterContextImpl:90 - resolve [collection type; class java.util.List, contains [simple type, class java.lang.Long]]
2025-03-16 18:56:06 DEBUG i.s.v.c.c.ModelConverterContextImpl:90 - resolve class java.lang.Long
2025-03-16 18:56:06 DEBUG i.s.v.c.c.ModelConverterContextImpl:90 - resolve class java.lang.Long
2025-03-16 18:56:06 DEBUG i.s.v.c.c.ModelConverterContextImpl:90 - resolve class com.diplom.restoran.entity.Chef
2025-03-16 18:56:06 DEBUG i.s.v.c.c.ModelConverterContextImpl:90 - resolve [simple type, class java.lang.Long]
2025-03-16 18:56:06 DEBUG i.s.v.c.c.ModelConverterContextImpl:90 - resolve [simple type, class java.lang.String]
2025-03-16 18:56:06 DEBUG i.s.v.c.c.ModelConverterContextImpl:90 - resolve [collection type; class java.util.List, contains [simple type, class com.diplom.restoran.entity.CustomerOrder]]
2025-03-16 18:56:06 DEBUG i.s.v.c.c.ModelConverterContextImpl:90 - resolve [simple type, class com.diplom.restoran.entity.CustomerOrder]
2025-03-16 18:56:06 DEBUG i.s.v.c.c.ModelConverterContextImpl:90 - resolve [simple type, class com.diplom.restoran.entity.Customer]
2025-03-16 18:56:06 DEBUG i.s.v.c.c.ModelConverterContextImpl:90 - resolve [simple type, class com.diplom.restoran.security.models.User]
2025-03-16 18:56:06 DEBUG i.s.v.c.c.ModelConverterContextImpl:90 - resolve [simple type, class java.lang.String]
2025-03-16 18:56:06 DEBUG i.s.v.c.c.ModelConverterContextImpl:90 - resolve [simple type, class java.lang.String]
2025-03-16 18:56:06 DEBUG i.s.v.c.c.ModelConverterContextImpl:90 - resolve [simple type, class java.lang.String]
2025-03-16 18:56:06 DEBUG i.s.v.c.c.ModelConverterContextImpl:90 - resolve [collection type; class java.util.Set, contains [simple type, class com.diplom.restoran.security.models.Role]]
2025-03-16 18:56:06 DEBUG i.s.v.c.c.ModelConverterContextImpl:90 - resolve [simple type, class com.diplom.restoran.security.models.Role]
2025-03-16 18:56:06 DEBUG i.s.v.c.c.ModelConverterContextImpl:90 - resolve [simple type, class java.lang.Integer]
2025-03-16 18:56:06 DEBUG i.s.v.c.c.ModelConverterContextImpl:90 - resolve [simple type, class com.diplom.restoran.security.models.ERole]
2025-03-16 18:56:06 DEBUG i.s.v.c.c.ModelConverterContextImpl:90 - resolve [simple type, class com.diplom.restoran.entity.Waiter]
2025-03-16 18:56:06 DEBUG i.s.v.c.c.ModelConverterContextImpl:90 - resolve [collection type; class java.util.List, contains [simple type, class com.diplom.restoran.entity.Dish]]
2025-03-16 18:56:06 DEBUG i.s.v.c.c.ModelConverterContextImpl:90 - resolve [simple type, class com.diplom.restoran.entity.Dish]
2025-03-16 18:56:06 DEBUG i.s.v.c.c.ModelConverterContextImpl:90 - resolve [simple type, class java.lang.String]
2025-03-16 18:56:06 DEBUG i.s.v.c.c.ModelConverterContextImpl:90 - resolve [simple type, class java.lang.Double]
2025-03-16 18:56:06 DEBUG i.s.v.c.c.ModelConverterContextImpl:90 - resolve [simple type, class java.lang.String]
2025-03-16 18:56:06 DEBUG i.s.v.c.c.ModelConverterContextImpl:90 - resolve [simple type, class java.lang.Boolean]
2025-03-16 18:56:06 DEBUG i.s.v.c.c.ModelConverterContextImpl:90 - resolve [simple type, class java.lang.Double]
2025-03-16 18:56:06 DEBUG i.s.v.c.c.ModelConverterContextImpl:90 - resolve [simple type, class java.lang.Boolean]
2025-03-16 18:56:06 DEBUG i.s.v.c.c.ModelConverterContextImpl:90 - resolve class java.lang.Long
2025-03-16 18:56:06 DEBUG i.s.v.c.c.ModelConverterContextImpl:90 - resolve java.util.List<com.diplom.restoran.entity.CustomerOrder>
2025-03-16 18:56:06 DEBUG i.s.v.c.c.ModelConverterContextImpl:90 - resolve [simple type, class com.diplom.restoran.entity.CustomerOrder]
2025-03-16 18:56:06 DEBUG i.s.v.c.c.ModelConverterContextImpl:90 - resolve [simple type, class java.lang.Long]
2025-03-16 18:56:06 DEBUG i.s.v.c.c.ModelConverterContextImpl:90 - resolve [simple type, class com.diplom.restoran.entity.Chef]
2025-03-16 18:56:06 DEBUG i.s.v.c.c.ModelConverterContextImpl:90 - resolve [simple type, class java.lang.String]
2025-03-16 18:56:06 DEBUG i.s.v.c.c.ModelConverterContextImpl:90 - resolve [collection type; class java.util.List, contains [simple type, class com.diplom.restoran.entity.CustomerOrder]]
2025-03-16 18:56:06 DEBUG i.s.v.c.c.ModelConverterContextImpl:90 - resolve [simple type, class com.diplom.restoran.entity.CustomerOrder]
2025-03-16 18:56:06 DEBUG i.s.v.c.c.ModelConverterContextImpl:90 - resolve [simple type, class com.diplom.restoran.entity.Customer]
2025-03-16 18:56:06 DEBUG i.s.v.c.c.ModelConverterContextImpl:90 - resolve [simple type, class com.diplom.restoran.security.models.User]
2025-03-16 18:56:06 DEBUG i.s.v.c.c.ModelConverterContextImpl:90 - resolve [simple type, class java.lang.String]
2025-03-16 18:56:06 DEBUG i.s.v.c.c.ModelConverterContextImpl:90 - resolve [simple type, class java.lang.String]
2025-03-16 18:56:06 DEBUG i.s.v.c.c.ModelConverterContextImpl:90 - resolve [simple type, class java.lang.String]
2025-03-16 18:56:06 DEBUG i.s.v.c.c.ModelConverterContextImpl:90 - resolve [collection type; class java.util.Set, contains [simple type, class com.diplom.restoran.security.models.Role]]
2025-03-16 18:56:06 DEBUG i.s.v.c.c.ModelConverterContextImpl:90 - resolve [simple type, class com.diplom.restoran.security.models.Role]
2025-03-16 18:56:06 DEBUG i.s.v.c.c.ModelConverterContextImpl:90 - resolve [simple type, class java.lang.Integer]
2025-03-16 18:56:06 DEBUG i.s.v.c.c.ModelConverterContextImpl:90 - resolve [simple type, class com.diplom.restoran.security.models.ERole]
2025-03-16 18:56:06 DEBUG i.s.v.c.c.ModelConverterContextImpl:90 - resolve [simple type, class com.diplom.restoran.entity.Waiter]
2025-03-16 18:56:06 DEBUG i.s.v.c.c.ModelConverterContextImpl:90 - resolve [collection type; class java.util.List, contains [simple type, class com.diplom.restoran.entity.Dish]]
2025-03-16 18:56:06 DEBUG i.s.v.c.c.ModelConverterContextImpl:90 - resolve [simple type, class com.diplom.restoran.entity.Dish]
2025-03-16 18:56:06 DEBUG i.s.v.c.c.ModelConverterContextImpl:90 - resolve [simple type, class java.lang.String]
2025-03-16 18:56:06 DEBUG i.s.v.c.c.ModelConverterContextImpl:90 - resolve [simple type, class java.lang.Double]
2025-03-16 18:56:06 DEBUG i.s.v.c.c.ModelConverterContextImpl:90 - resolve [simple type, class java.lang.String]
2025-03-16 18:56:06 DEBUG i.s.v.c.c.ModelConverterContextImpl:90 - resolve [simple type, class java.lang.Boolean]
2025-03-16 18:56:06 DEBUG i.s.v.c.c.ModelConverterContextImpl:90 - resolve [simple type, class java.lang.Double]
2025-03-16 18:56:06 DEBUG i.s.v.c.c.ModelConverterContextImpl:90 - resolve [simple type, class java.lang.Boolean]
2025-03-16 18:56:06 DEBUG i.s.v.c.c.ModelConverterContextImpl:90 - resolve class java.lang.Long
2025-03-16 18:56:06 DEBUG i.s.v.c.c.ModelConverterContextImpl:90 - resolve java.util.List<com.diplom.restoran.entity.CustomerOrder>
2025-03-16 18:56:06 DEBUG i.s.v.c.c.ModelConverterContextImpl:90 - resolve [simple type, class com.diplom.restoran.entity.CustomerOrder]
2025-03-16 18:56:06 DEBUG i.s.v.c.c.ModelConverterContextImpl:90 - resolve [simple type, class java.lang.Long]
2025-03-16 18:56:06 DEBUG i.s.v.c.c.ModelConverterContextImpl:90 - resolve [simple type, class com.diplom.restoran.entity.Chef]
2025-03-16 18:56:06 DEBUG i.s.v.c.c.ModelConverterContextImpl:90 - resolve [simple type, class java.lang.String]
2025-03-16 18:56:06 DEBUG i.s.v.c.c.ModelConverterContextImpl:90 - resolve [collection type; class java.util.List, contains [simple type, class com.diplom.restoran.entity.CustomerOrder]]
2025-03-16 18:56:06 DEBUG i.s.v.c.c.ModelConverterContextImpl:90 - resolve [simple type, class com.diplom.restoran.entity.CustomerOrder]
2025-03-16 18:56:06 DEBUG i.s.v.c.c.ModelConverterContextImpl:90 - resolve [simple type, class com.diplom.restoran.entity.Customer]
2025-03-16 18:56:06 DEBUG i.s.v.c.c.ModelConverterContextImpl:90 - resolve [simple type, class com.diplom.restoran.security.models.User]
2025-03-16 18:56:06 DEBUG i.s.v.c.c.ModelConverterContextImpl:90 - resolve [simple type, class java.lang.String]
2025-03-16 18:56:06 DEBUG i.s.v.c.c.ModelConverterContextImpl:90 - resolve [simple type, class java.lang.String]
2025-03-16 18:56:06 DEBUG i.s.v.c.c.ModelConverterContextImpl:90 - resolve [simple type, class java.lang.String]
2025-03-16 18:56:06 DEBUG i.s.v.c.c.ModelConverterContextImpl:90 - resolve [collection type; class java.util.Set, contains [simple type, class com.diplom.restoran.security.models.Role]]
2025-03-16 18:56:06 DEBUG i.s.v.c.c.ModelConverterContextImpl:90 - resolve [simple type, class com.diplom.restoran.security.models.Role]
2025-03-16 18:56:06 DEBUG i.s.v.c.c.ModelConverterContextImpl:90 - resolve [simple type, class java.lang.Integer]
2025-03-16 18:56:06 DEBUG i.s.v.c.c.ModelConverterContextImpl:90 - resolve [simple type, class com.diplom.restoran.security.models.ERole]
2025-03-16 18:56:06 DEBUG i.s.v.c.c.ModelConverterContextImpl:90 - resolve [simple type, class com.diplom.restoran.entity.Waiter]
2025-03-16 18:56:06 DEBUG i.s.v.c.c.ModelConverterContextImpl:90 - resolve [collection type; class java.util.List, contains [simple type, class com.diplom.restoran.entity.Dish]]
2025-03-16 18:56:06 DEBUG i.s.v.c.c.ModelConverterContextImpl:90 - resolve [simple type, class com.diplom.restoran.entity.Dish]
2025-03-16 18:56:06 DEBUG i.s.v.c.c.ModelConverterContextImpl:90 - resolve [simple type, class java.lang.String]
2025-03-16 18:56:06 DEBUG i.s.v.c.c.ModelConverterContextImpl:90 - resolve [simple type, class java.lang.Double]
2025-03-16 18:56:06 DEBUG i.s.v.c.c.ModelConverterContextImpl:90 - resolve [simple type, class java.lang.String]
2025-03-16 18:56:06 DEBUG i.s.v.c.c.ModelConverterContextImpl:90 - resolve [simple type, class java.lang.Boolean]
2025-03-16 18:56:06 DEBUG i.s.v.c.c.ModelConverterContextImpl:90 - resolve [simple type, class java.lang.Double]
2025-03-16 18:56:06 DEBUG i.s.v.c.c.ModelConverterContextImpl:90 - resolve [simple type, class java.lang.Boolean]
2025-03-16 18:56:06 DEBUG i.s.v.c.c.ModelConverterContextImpl:90 - resolve class java.lang.Long
2025-03-16 18:56:06 DEBUG i.s.v.c.c.ModelConverterContextImpl:90 - resolve java.util.List<com.diplom.restoran.entity.CustomerOrder>
2025-03-16 18:56:06 DEBUG i.s.v.c.c.ModelConverterContextImpl:90 - resolve [simple type, class com.diplom.restoran.entity.CustomerOrder]
2025-03-16 18:56:06 DEBUG i.s.v.c.c.ModelConverterContextImpl:90 - resolve [simple type, class java.lang.Long]
2025-03-16 18:56:06 DEBUG i.s.v.c.c.ModelConverterContextImpl:90 - resolve [simple type, class com.diplom.restoran.entity.Chef]
2025-03-16 18:56:06 DEBUG i.s.v.c.c.ModelConverterContextImpl:90 - resolve [simple type, class java.lang.String]
2025-03-16 18:56:06 DEBUG i.s.v.c.c.ModelConverterContextImpl:90 - resolve [collection type; class java.util.List, contains [simple type, class com.diplom.restoran.entity.CustomerOrder]]
2025-03-16 18:56:06 DEBUG i.s.v.c.c.ModelConverterContextImpl:90 - resolve [simple type, class com.diplom.restoran.entity.CustomerOrder]
2025-03-16 18:56:06 DEBUG i.s.v.c.c.ModelConverterContextImpl:90 - resolve [simple type, class com.diplom.restoran.entity.Customer]
2025-03-16 18:56:06 DEBUG i.s.v.c.c.ModelConverterContextImpl:90 - resolve [simple type, class com.diplom.restoran.security.models.User]
2025-03-16 18:56:06 DEBUG i.s.v.c.c.ModelConverterContextImpl:90 - resolve [simple type, class java.lang.String]
2025-03-16 18:56:06 DEBUG i.s.v.c.c.ModelConverterContextImpl:90 - resolve [simple type, class java.lang.String]
2025-03-16 18:56:06 DEBUG i.s.v.c.c.ModelConverterContextImpl:90 - resolve [simple type, class java.lang.String]
2025-03-16 18:56:06 DEBUG i.s.v.c.c.ModelConverterContextImpl:90 - resolve [collection type; class java.util.Set, contains [simple type, class com.diplom.restoran.security.models.Role]]
2025-03-16 18:56:06 DEBUG i.s.v.c.c.ModelConverterContextImpl:90 - resolve [simple type, class com.diplom.restoran.security.models.Role]
2025-03-16 18:56:06 DEBUG i.s.v.c.c.ModelConverterContextImpl:90 - resolve [simple type, class java.lang.Integer]
2025-03-16 18:56:06 DEBUG i.s.v.c.c.ModelConverterContextImpl:90 - resolve [simple type, class com.diplom.restoran.security.models.ERole]
2025-03-16 18:56:06 DEBUG i.s.v.c.c.ModelConverterContextImpl:90 - resolve [simple type, class com.diplom.restoran.entity.Waiter]
2025-03-16 18:56:06 DEBUG i.s.v.c.c.ModelConverterContextImpl:90 - resolve [collection type; class java.util.List, contains [simple type, class com.diplom.restoran.entity.Dish]]
2025-03-16 18:56:06 DEBUG i.s.v.c.c.ModelConverterContextImpl:90 - resolve [simple type, class com.diplom.restoran.entity.Dish]
2025-03-16 18:56:06 DEBUG i.s.v.c.c.ModelConverterContextImpl:90 - resolve [simple type, class java.lang.String]
2025-03-16 18:56:06 DEBUG i.s.v.c.c.ModelConverterContextImpl:90 - resolve [simple type, class java.lang.Double]
2025-03-16 18:56:06 DEBUG i.s.v.c.c.ModelConverterContextImpl:90 - resolve [simple type, class java.lang.String]
2025-03-16 18:56:06 DEBUG i.s.v.c.c.ModelConverterContextImpl:90 - resolve [simple type, class java.lang.Boolean]
2025-03-16 18:56:06 DEBUG i.s.v.c.c.ModelConverterContextImpl:90 - resolve [simple type, class java.lang.Double]
2025-03-16 18:56:06 DEBUG i.s.v.c.c.ModelConverterContextImpl:90 - resolve [simple type, class java.lang.Boolean]
2025-03-16 18:56:06 DEBUG i.s.v.c.c.ModelConverterContextImpl:90 - resolve java.util.List<com.diplom.restoran.dto.AdminDTO>
2025-03-16 18:56:06 DEBUG i.s.v.c.c.ModelConverterContextImpl:90 - resolve [simple type, class com.diplom.restoran.dto.AdminDTO]
2025-03-16 18:56:06 DEBUG i.s.v.c.c.ModelConverterContextImpl:90 - resolve [simple type, class java.lang.Long]
2025-03-16 18:56:06 DEBUG i.s.v.c.c.ModelConverterContextImpl:90 - resolve [simple type, class java.lang.String]
2025-03-16 18:56:06 DEBUG i.s.v.c.c.ModelConverterContextImpl:90 - resolve [collection type; class java.util.List, contains [simple type, class java.lang.Long]]
2025-03-16 18:56:06 DEBUG i.s.v.c.c.ModelConverterContextImpl:90 - resolve long
2025-03-16 18:56:06 DEBUG i.s.v.c.c.ModelConverterContextImpl:90 - resolve class com.diplom.restoran.dto.AdminDTO
2025-03-16 18:56:06 DEBUG i.s.v.c.c.ModelConverterContextImpl:90 - resolve [simple type, class java.lang.Long]
2025-03-16 18:56:06 DEBUG i.s.v.c.c.ModelConverterContextImpl:90 - resolve [simple type, class java.lang.String]
2025-03-16 18:56:06 DEBUG i.s.v.c.c.ModelConverterContextImpl:90 - resolve [collection type; class java.util.List, contains [simple type, class java.lang.Long]]
2025-03-16 18:56:06 DEBUG i.s.v.c.c.ModelConverterContextImpl:90 - resolve java.util.List<java.lang.Long>
2025-03-16 18:56:06 DEBUG i.s.v.c.c.ModelConverterContextImpl:90 - resolve [simple type, class java.lang.Long]
2025-03-16 18:56:06 DEBUG i.s.v.c.c.ModelConverterContextImpl:90 - resolve class java.lang.Long
2025-03-16 18:56:06 DEBUG i.s.v.c.c.ModelConverterContextImpl:90 - resolve class com.diplom.restoran.entity.Admin
2025-03-16 18:56:06 DEBUG i.s.v.c.c.ModelConverterContextImpl:90 - resolve [simple type, class java.lang.Long]
2025-03-16 18:56:06 DEBUG i.s.v.c.c.ModelConverterContextImpl:90 - resolve [simple type, class java.lang.String]
2025-03-16 18:56:06 DEBUG i.s.v.c.c.ModelConverterContextImpl:90 - resolve [collection type; class java.util.List, contains [simple type, class com.diplom.restoran.entity.Waiter]]
2025-03-16 18:56:06 DEBUG i.s.v.c.c.ModelConverterContextImpl:90 - resolve [simple type, class com.diplom.restoran.entity.Waiter]
2025-03-16 18:56:06 DEBUG i.s.v.c.c.ModelConverterContextImpl:90 - resolve [collection type; class java.util.List, contains [simple type, class com.diplom.restoran.entity.CustomerOrder]]
2025-03-16 18:56:06 DEBUG i.s.v.c.c.ModelConverterContextImpl:90 - resolve [simple type, class com.diplom.restoran.entity.CustomerOrder]
2025-03-16 18:56:06 DEBUG i.s.v.c.c.ModelConverterContextImpl:90 - resolve [simple type, class com.diplom.restoran.entity.Chef]
2025-03-16 18:56:06 DEBUG i.s.v.c.c.ModelConverterContextImpl:90 - resolve [collection type; class java.util.List, contains [simple type, class com.diplom.restoran.entity.CustomerOrder]]
2025-03-16 18:56:06 DEBUG i.s.v.c.c.ModelConverterContextImpl:90 - resolve [simple type, class com.diplom.restoran.entity.CustomerOrder]
2025-03-16 18:56:06 DEBUG i.s.v.c.c.ModelConverterContextImpl:90 - resolve [simple type, class com.diplom.restoran.entity.Customer]
2025-03-16 18:56:06 DEBUG i.s.v.c.c.ModelConverterContextImpl:90 - resolve [simple type, class com.diplom.restoran.security.models.User]
2025-03-16 18:56:06 DEBUG i.s.v.c.c.ModelConverterContextImpl:90 - resolve [simple type, class java.lang.String]
2025-03-16 18:56:06 DEBUG i.s.v.c.c.ModelConverterContextImpl:90 - resolve [simple type, class java.lang.String]
2025-03-16 18:56:06 DEBUG i.s.v.c.c.ModelConverterContextImpl:90 - resolve [simple type, class java.lang.String]
2025-03-16 18:56:06 DEBUG i.s.v.c.c.ModelConverterContextImpl:90 - resolve [collection type; class java.util.Set, contains [simple type, class com.diplom.restoran.security.models.Role]]
2025-03-16 18:56:06 DEBUG i.s.v.c.c.ModelConverterContextImpl:90 - resolve [simple type, class com.diplom.restoran.security.models.Role]
2025-03-16 18:56:06 DEBUG i.s.v.c.c.ModelConverterContextImpl:90 - resolve [simple type, class java.lang.Integer]
2025-03-16 18:56:06 DEBUG i.s.v.c.c.ModelConverterContextImpl:90 - resolve [simple type, class com.diplom.restoran.security.models.ERole]
2025-03-16 18:56:06 DEBUG i.s.v.c.c.ModelConverterContextImpl:90 - resolve [simple type, class com.diplom.restoran.entity.Waiter]
2025-03-16 18:56:06 DEBUG i.s.v.c.c.ModelConverterContextImpl:90 - resolve [collection type; class java.util.List, contains [simple type, class com.diplom.restoran.entity.Dish]]
2025-03-16 18:56:06 DEBUG i.s.v.c.c.ModelConverterContextImpl:90 - resolve [simple type, class com.diplom.restoran.entity.Dish]
2025-03-16 18:56:06 DEBUG i.s.v.c.c.ModelConverterContextImpl:90 - resolve [simple type, class java.lang.String]
2025-03-16 18:56:06 DEBUG i.s.v.c.c.ModelConverterContextImpl:90 - resolve [simple type, class java.lang.Double]
2025-03-16 18:56:06 DEBUG i.s.v.c.c.ModelConverterContextImpl:90 - resolve [simple type, class java.lang.String]
2025-03-16 18:56:06 DEBUG i.s.v.c.c.ModelConverterContextImpl:90 - resolve [simple type, class java.lang.Boolean]
2025-03-16 18:56:06 DEBUG i.s.v.c.c.ModelConverterContextImpl:90 - resolve [simple type, class java.lang.Double]
2025-03-16 18:56:06 DEBUG i.s.v.c.c.ModelConverterContextImpl:90 - resolve [simple type, class java.lang.Boolean]
2025-03-16 18:56:06 DEBUG i.s.v.c.c.ModelConverterContextImpl:90 - resolve [collection type; class java.util.List, contains [simple type, class com.diplom.restoran.entity.Chef]]
2025-03-16 18:56:06 DEBUG i.s.v.c.c.ModelConverterContextImpl:90 - resolve [simple type, class com.diplom.restoran.entity.Chef]
2025-03-16 18:56:06 DEBUG i.s.v.c.c.ModelConverterContextImpl:90 - resolve [collection type; class java.util.List, contains [simple type, class com.diplom.restoran.entity.Dish]]
2025-03-16 18:56:06 DEBUG i.s.v.c.c.ModelConverterContextImpl:90 - resolve [simple type, class com.diplom.restoran.entity.Dish]
2025-03-16 18:56:06 DEBUG i.s.v.c.c.ModelConverterContextImpl:90 - resolve java.util.List<java.lang.Long>
2025-03-16 18:56:06 DEBUG i.s.v.c.c.ModelConverterContextImpl:90 - resolve [simple type, class java.lang.Long]
2025-03-16 18:56:06 DEBUG i.s.v.c.c.ModelConverterContextImpl:90 - resolve class java.lang.Long
2025-03-16 18:56:06 DEBUG i.s.v.c.c.ModelConverterContextImpl:90 - resolve class com.diplom.restoran.entity.Admin
2025-03-16 18:56:06 DEBUG i.s.v.c.c.ModelConverterContextImpl:90 - resolve [simple type, class java.lang.Long]
2025-03-16 18:56:06 DEBUG i.s.v.c.c.ModelConverterContextImpl:90 - resolve [simple type, class java.lang.String]
2025-03-16 18:56:06 DEBUG i.s.v.c.c.ModelConverterContextImpl:90 - resolve [collection type; class java.util.List, contains [simple type, class com.diplom.restoran.entity.Waiter]]
2025-03-16 18:56:06 DEBUG i.s.v.c.c.ModelConverterContextImpl:90 - resolve [simple type, class com.diplom.restoran.entity.Waiter]
2025-03-16 18:56:06 DEBUG i.s.v.c.c.ModelConverterContextImpl:90 - resolve [collection type; class java.util.List, contains [simple type, class com.diplom.restoran.entity.CustomerOrder]]
2025-03-16 18:56:06 DEBUG i.s.v.c.c.ModelConverterContextImpl:90 - resolve [simple type, class com.diplom.restoran.entity.CustomerOrder]
2025-03-16 18:56:06 DEBUG i.s.v.c.c.ModelConverterContextImpl:90 - resolve [simple type, class com.diplom.restoran.entity.Chef]
2025-03-16 18:56:06 DEBUG i.s.v.c.c.ModelConverterContextImpl:90 - resolve [collection type; class java.util.List, contains [simple type, class com.diplom.restoran.entity.CustomerOrder]]
2025-03-16 18:56:06 DEBUG i.s.v.c.c.ModelConverterContextImpl:90 - resolve [simple type, class com.diplom.restoran.entity.CustomerOrder]
2025-03-16 18:56:06 DEBUG i.s.v.c.c.ModelConverterContextImpl:90 - resolve [simple type, class com.diplom.restoran.entity.Customer]
2025-03-16 18:56:06 DEBUG i.s.v.c.c.ModelConverterContextImpl:90 - resolve [simple type, class com.diplom.restoran.security.models.User]
2025-03-16 18:56:06 DEBUG i.s.v.c.c.ModelConverterContextImpl:90 - resolve [simple type, class java.lang.String]
2025-03-16 18:56:06 DEBUG i.s.v.c.c.ModelConverterContextImpl:90 - resolve [simple type, class java.lang.String]
2025-03-16 18:56:06 DEBUG i.s.v.c.c.ModelConverterContextImpl:90 - resolve [simple type, class java.lang.String]
2025-03-16 18:56:06 DEBUG i.s.v.c.c.ModelConverterContextImpl:90 - resolve [collection type; class java.util.Set, contains [simple type, class com.diplom.restoran.security.models.Role]]
2025-03-16 18:56:06 DEBUG i.s.v.c.c.ModelConverterContextImpl:90 - resolve [simple type, class com.diplom.restoran.security.models.Role]
2025-03-16 18:56:06 DEBUG i.s.v.c.c.ModelConverterContextImpl:90 - resolve [simple type, class java.lang.Integer]
2025-03-16 18:56:06 DEBUG i.s.v.c.c.ModelConverterContextImpl:90 - resolve [simple type, class com.diplom.restoran.security.models.ERole]
2025-03-16 18:56:06 DEBUG i.s.v.c.c.ModelConverterContextImpl:90 - resolve [simple type, class com.diplom.restoran.entity.Waiter]
2025-03-16 18:56:06 DEBUG i.s.v.c.c.ModelConverterContextImpl:90 - resolve [collection type; class java.util.List, contains [simple type, class com.diplom.restoran.entity.Dish]]
2025-03-16 18:56:06 DEBUG i.s.v.c.c.ModelConverterContextImpl:90 - resolve [simple type, class com.diplom.restoran.entity.Dish]
2025-03-16 18:56:06 DEBUG i.s.v.c.c.ModelConverterContextImpl:90 - resolve [simple type, class java.lang.String]
2025-03-16 18:56:06 DEBUG i.s.v.c.c.ModelConverterContextImpl:90 - resolve [simple type, class java.lang.Double]
2025-03-16 18:56:06 DEBUG i.s.v.c.c.ModelConverterContextImpl:90 - resolve [simple type, class java.lang.String]
2025-03-16 18:56:06 DEBUG i.s.v.c.c.ModelConverterContextImpl:90 - resolve [simple type, class java.lang.Boolean]
2025-03-16 18:56:06 DEBUG i.s.v.c.c.ModelConverterContextImpl:90 - resolve [simple type, class java.lang.Double]
2025-03-16 18:56:06 DEBUG i.s.v.c.c.ModelConverterContextImpl:90 - resolve [simple type, class java.lang.Boolean]
2025-03-16 18:56:06 DEBUG i.s.v.c.c.ModelConverterContextImpl:90 - resolve [collection type; class java.util.List, contains [simple type, class com.diplom.restoran.entity.Chef]]
2025-03-16 18:56:06 DEBUG i.s.v.c.c.ModelConverterContextImpl:90 - resolve [simple type, class com.diplom.restoran.entity.Chef]
2025-03-16 18:56:06 DEBUG i.s.v.c.c.ModelConverterContextImpl:90 - resolve [collection type; class java.util.List, contains [simple type, class com.diplom.restoran.entity.Dish]]
2025-03-16 18:56:06 DEBUG i.s.v.c.c.ModelConverterContextImpl:90 - resolve [simple type, class com.diplom.restoran.entity.Dish]
2025-03-16 18:56:06 DEBUG i.s.v.c.c.ModelConverterContextImpl:90 - resolve class java.lang.Long
2025-03-16 18:56:06 DEBUG i.s.v.c.c.ModelConverterContextImpl:90 - resolve class java.lang.Long
2025-03-16 18:56:06 DEBUG i.s.v.c.c.ModelConverterContextImpl:90 - resolve class com.diplom.restoran.entity.Waiter
2025-03-16 18:56:06 DEBUG i.s.v.c.c.ModelConverterContextImpl:90 - resolve [simple type, class java.lang.Long]
2025-03-16 18:56:06 DEBUG i.s.v.c.c.ModelConverterContextImpl:90 - resolve [simple type, class java.lang.String]
2025-03-16 18:56:06 DEBUG i.s.v.c.c.ModelConverterContextImpl:90 - resolve [collection type; class java.util.List, contains [simple type, class com.diplom.restoran.entity.CustomerOrder]]
2025-03-16 18:56:06 DEBUG i.s.v.c.c.ModelConverterContextImpl:90 - resolve [simple type, class com.diplom.restoran.entity.CustomerOrder]
2025-03-16 18:56:06 DEBUG i.s.v.c.c.ModelConverterContextImpl:90 - resolve [simple type, class com.diplom.restoran.entity.Chef]
2025-03-16 18:56:06 DEBUG i.s.v.c.c.ModelConverterContextImpl:90 - resolve [collection type; class java.util.List, contains [simple type, class com.diplom.restoran.entity.CustomerOrder]]
2025-03-16 18:56:06 DEBUG i.s.v.c.c.ModelConverterContextImpl:90 - resolve [simple type, class com.diplom.restoran.entity.CustomerOrder]
2025-03-16 18:56:06 DEBUG i.s.v.c.c.ModelConverterContextImpl:90 - resolve [simple type, class com.diplom.restoran.entity.Customer]
2025-03-16 18:56:06 DEBUG i.s.v.c.c.ModelConverterContextImpl:90 - resolve [simple type, class com.diplom.restoran.security.models.User]
2025-03-16 18:56:06 DEBUG i.s.v.c.c.ModelConverterContextImpl:90 - resolve [simple type, class java.lang.String]
2025-03-16 18:56:06 DEBUG i.s.v.c.c.ModelConverterContextImpl:90 - resolve [simple type, class java.lang.String]
2025-03-16 18:56:06 DEBUG i.s.v.c.c.ModelConverterContextImpl:90 - resolve [simple type, class java.lang.String]
2025-03-16 18:56:06 DEBUG i.s.v.c.c.ModelConverterContextImpl:90 - resolve [collection type; class java.util.Set, contains [simple type, class com.diplom.restoran.security.models.Role]]
2025-03-16 18:56:06 DEBUG i.s.v.c.c.ModelConverterContextImpl:90 - resolve [simple type, class com.diplom.restoran.security.models.Role]
2025-03-16 18:56:06 DEBUG i.s.v.c.c.ModelConverterContextImpl:90 - resolve [simple type, class java.lang.Integer]
2025-03-16 18:56:06 DEBUG i.s.v.c.c.ModelConverterContextImpl:90 - resolve [simple type, class com.diplom.restoran.security.models.ERole]
2025-03-16 18:56:06 DEBUG i.s.v.c.c.ModelConverterContextImpl:90 - resolve [simple type, class com.diplom.restoran.entity.Waiter]
2025-03-16 18:56:06 DEBUG i.s.v.c.c.ModelConverterContextImpl:90 - resolve [collection type; class java.util.List, contains [simple type, class com.diplom.restoran.entity.Dish]]
2025-03-16 18:56:06 DEBUG i.s.v.c.c.ModelConverterContextImpl:90 - resolve [simple type, class com.diplom.restoran.entity.Dish]
2025-03-16 18:56:06 DEBUG i.s.v.c.c.ModelConverterContextImpl:90 - resolve [simple type, class java.lang.String]
2025-03-16 18:56:06 DEBUG i.s.v.c.c.ModelConverterContextImpl:90 - resolve [simple type, class java.lang.Double]
2025-03-16 18:56:06 DEBUG i.s.v.c.c.ModelConverterContextImpl:90 - resolve [simple type, class java.lang.String]
2025-03-16 18:56:06 DEBUG i.s.v.c.c.ModelConverterContextImpl:90 - resolve [simple type, class java.lang.Boolean]
2025-03-16 18:56:06 DEBUG i.s.v.c.c.ModelConverterContextImpl:90 - resolve [simple type, class java.lang.Double]
2025-03-16 18:56:06 DEBUG i.s.v.c.c.ModelConverterContextImpl:90 - resolve [simple type, class java.lang.Boolean]
2025-03-16 18:56:06 DEBUG i.s.v.c.c.ModelConverterContextImpl:90 - resolve class java.lang.Long
2025-03-16 18:56:06 DEBUG i.s.v.c.c.ModelConverterContextImpl:90 - resolve class java.lang.Long
2025-03-16 18:56:06 DEBUG i.s.v.c.c.ModelConverterContextImpl:90 - resolve class java.lang.Long
2025-03-16 18:56:06 DEBUG i.s.v.c.c.ModelConverterContextImpl:90 - resolve class com.diplom.restoran.entity.Customer
2025-03-16 18:56:06 DEBUG i.s.v.c.c.ModelConverterContextImpl:90 - resolve [simple type, class java.lang.Long]
2025-03-16 18:56:06 DEBUG i.s.v.c.c.ModelConverterContextImpl:90 - resolve [simple type, class java.lang.String]
2025-03-16 18:56:06 DEBUG i.s.v.c.c.ModelConverterContextImpl:90 - resolve [collection type; class java.util.List, contains [simple type, class com.diplom.restoran.entity.CustomerOrder]]
2025-03-16 18:56:06 DEBUG i.s.v.c.c.ModelConverterContextImpl:90 - resolve [simple type, class com.diplom.restoran.entity.CustomerOrder]
2025-03-16 18:56:06 DEBUG i.s.v.c.c.ModelConverterContextImpl:90 - resolve [simple type, class com.diplom.restoran.entity.Chef]
2025-03-16 18:56:06 DEBUG i.s.v.c.c.ModelConverterContextImpl:90 - resolve [collection type; class java.util.List, contains [simple type, class com.diplom.restoran.entity.CustomerOrder]]
2025-03-16 18:56:06 DEBUG i.s.v.c.c.ModelConverterContextImpl:90 - resolve [simple type, class com.diplom.restoran.entity.CustomerOrder]
2025-03-16 18:56:06 DEBUG i.s.v.c.c.ModelConverterContextImpl:90 - resolve [simple type, class com.diplom.restoran.entity.Customer]
2025-03-16 18:56:06 DEBUG i.s.v.c.c.ModelConverterContextImpl:90 - resolve [simple type, class com.diplom.restoran.security.models.User]
2025-03-16 18:56:06 DEBUG i.s.v.c.c.ModelConverterContextImpl:90 - resolve [simple type, class java.lang.String]
2025-03-16 18:56:06 DEBUG i.s.v.c.c.ModelConverterContextImpl:90 - resolve [simple type, class java.lang.String]
2025-03-16 18:56:06 DEBUG i.s.v.c.c.ModelConverterContextImpl:90 - resolve [simple type, class java.lang.String]
2025-03-16 18:56:06 DEBUG i.s.v.c.c.ModelConverterContextImpl:90 - resolve [collection type; class java.util.Set, contains [simple type, class com.diplom.restoran.security.models.Role]]
2025-03-16 18:56:06 DEBUG i.s.v.c.c.ModelConverterContextImpl:90 - resolve [simple type, class com.diplom.restoran.security.models.Role]
2025-03-16 18:56:06 DEBUG i.s.v.c.c.ModelConverterContextImpl:90 - resolve [simple type, class java.lang.Integer]
2025-03-16 18:56:06 DEBUG i.s.v.c.c.ModelConverterContextImpl:90 - resolve [simple type, class com.diplom.restoran.security.models.ERole]
2025-03-16 18:56:06 DEBUG i.s.v.c.c.ModelConverterContextImpl:90 - resolve [simple type, class com.diplom.restoran.entity.Waiter]
2025-03-16 18:56:06 DEBUG i.s.v.c.c.ModelConverterContextImpl:90 - resolve [collection type; class java.util.List, contains [simple type, class com.diplom.restoran.entity.Dish]]
2025-03-16 18:56:06 DEBUG i.s.v.c.c.ModelConverterContextImpl:90 - resolve [simple type, class com.diplom.restoran.entity.Dish]
2025-03-16 18:56:06 DEBUG i.s.v.c.c.ModelConverterContextImpl:90 - resolve [simple type, class java.lang.String]
2025-03-16 18:56:06 DEBUG i.s.v.c.c.ModelConverterContextImpl:90 - resolve [simple type, class java.lang.Double]
2025-03-16 18:56:06 DEBUG i.s.v.c.c.ModelConverterContextImpl:90 - resolve [simple type, class java.lang.String]
2025-03-16 18:56:06 DEBUG i.s.v.c.c.ModelConverterContextImpl:90 - resolve [simple type, class java.lang.Boolean]
2025-03-16 18:56:06 DEBUG i.s.v.c.c.ModelConverterContextImpl:90 - resolve [simple type, class java.lang.Double]
2025-03-16 18:56:06 DEBUG i.s.v.c.c.ModelConverterContextImpl:90 - resolve [simple type, class java.lang.Boolean]
2025-03-16 18:56:06 INFO  o.s.a.AbstractOpenApiResource:409 - Init duration for springdoc-openapi is: 705 ms
2025-03-16 18:57:38 INFO  c.d.r.c.DishController:41 - Запрос на получение блюда по ID: 2, admin
2025-03-16 18:57:38 INFO  c.d.r.s.DishService:59 - Запрос на получение блюда по ID: 2, admin
2025-03-16 18:57:38 DEBUG c.d.r.s.DishService:68 - Найдено блюдо: [FAILED toString()]
2025-03-16 19:00:59 DEBUG o.j.logging:164 - Logging Provider: org.jboss.logging.Slf4jLoggerProvider found via system property
2025-03-16 19:00:59 INFO  c.d.r.RestoranApplication:53 - Starting RestoranApplication using Java 17.0.12 with PID 17952 (E:\Restoran\build\classes\java\main started by Тимур in E:\Restoran)
2025-03-16 19:00:59 DEBUG c.d.r.RestoranApplication:54 - Running with Spring Boot v3.4.2, Spring v6.2.2
2025-03-16 19:00:59 INFO  c.d.r.RestoranApplication:652 - No active profile set, falling back to 1 default profile: "default"
2025-03-16 19:01:03 DEBUG c.d.r.s.j.AuthTokenFilter:240 - Filter 'authenticationJwtTokenFilter' configured for use
2025-03-16 19:01:03 DEBUG _.s.w.s.H.Mappings:294 - 
	c.d.r.c.AdminController:
	{GET [/api/admins/{id}]}: findById(long)
	{GET [/api/admins]}: getAllAdmins()
	{POST [/api/admins]}: saveAdmin(AdminDTO)
	{GET [/api/admins/chefs/{adminId}]}: saveChefToAdmin(List,Long)
	{GET [/api/admins/waiters/{adminId}]}: saveWaitersToAdmin(List,Long)
2025-03-16 19:01:03 DEBUG _.s.w.s.H.Mappings:294 - 
	c.d.r.c.ChefController:
	{GET [/api/chef/waitersIsNull]}: getOrdersWithNullWaiter(Long)
	{GET [/api/chef/waitersAndChefsNull]}: getOrdersWithNullWaiterAndChef(Long)
	{GET [/api/chef/{customerOrderId}/{chefId}]}: saveCustomerOrderToChef(Long,Long)
	{GET [/api/chef/chefsIsNull]}: getOrdersWithNullChef(Long)
	{POST [/api/chef]}: saveChef(ChefDTO)
	{GET [/api/chef/{id}]}: findChefById(Long)
	{GET [/api/chef]}: findAllChefs()
2025-03-16 19:01:03 DEBUG _.s.w.s.H.Mappings:294 - 
	c.d.r.c.CustomerController:
	{GET [/api/customers/getTotalAmount/{customerOrderId}]}: setAllPriceTotalAmount(Long)
	{DELETE [/api/customers/custmerorder/{customerId}/{customerOrderId}]}: removeCustomerOrderFromCustomer(Long,Long)
	{GET [/api/customers/custmerorder/{orderId}/{customerOrderId}]}: saveCustomerOrderToCustomer(Long,Long)
	{POST [/api/customers]}: saveCustomer(CustomerDTO)
	{GET [/api/customers]}: getCustomers()
	{GET [/api/customers/me]}: getCurrentCustomer()
2025-03-16 19:01:03 DEBUG _.s.w.s.H.Mappings:294 - 
	c.d.r.c.CustomerOrderController:
	{POST [/api/customerOrders]}: createCustomerOrder(CustomerOrder)
	{GET [/api/customerOrders/totalAmountCustomerOrder]}: setAllPriceTotalAmount(Long)
	{GET [/api/customerOrders]}: getAllCustomerOrders()
	{GET [/api/customerOrders/customerOrderWithNullChef]}: customerOrderWithNullChef()
	{GET [/api/customerOrders/customerOrderWithNullWaiter]}: customerOrderWithNullWaiter()
	{POST [/api/customerOrders/DTO/1]}: saveCustomerOrder1(CustomerOrderDTO)
	{POST [/api/customerOrders/DTO]}: saveCustomerOrder(CustomerOrderDTO)
	{GET [/api/customerOrders/addWaiterToCustomerOrder{customerOrderId}/addWaiter/{waiterId}]}: addWaiter(Long,Long)
	{GET [/api/customerOrders/paidIsTrueId/{customerOrderId}]}: paidIsTrueId(Long)
	{GET [/api/customerOrders/addChefToCustomerOrder{customerOrderId}/addWaiter/{chefId}]}: addChef(Long,Long)
2025-03-16 19:01:03 DEBUG _.s.w.s.H.Mappings:294 - 
	c.d.r.c.DishController:
	{GET [/api/dishes/underPrice]}: getDishesUnderPrice(Double)
	{GET [/api/dishes]}: getAllDishes()
	{DELETE [/api/dishes/{id}]}: deleteDish(Long)
	{GET [/api/dishes/{id}]}: findDishById(long)
	{POST [/api/dishes]}: saveDish(DishDTO)
2025-03-16 19:01:03 DEBUG _.s.w.s.H.Mappings:294 - 
	c.d.r.c.WaiterController:
	{DELETE [/api/waiter/custmerorder/{waiterId}/{customerOrderIds}]}: removeCustomerOrderFromWaiter(Long,Long)
	{GET [/api/waiter/custmerorder/{waiterId}/{customerOrderIds}]}: saveCustomerOrderToWaiter(Long,Long)
	{GET [/api/waiter]}: getWaiters()
	{POST [/api/waiter]}: saveWaiter(WaiterDTO)
	{GET [/api/waiter/addToCustomerOrder/{waiterId}/{customerOrderId}]}: addToCustomerOrder(Long,Long)
2025-03-16 19:01:03 DEBUG _.s.w.s.H.Mappings:294 - 
	c.d.r.s.c.AuthController:
	{POST [/api/auth/signin]}: authenticateUser(LoginRequest)
	{POST [/api/auth/signup]}: registerUser(SignupRequest)
2025-03-16 19:01:03 DEBUG _.s.w.s.H.Mappings:294 - 
	o.s.b.a.w.s.e.BasicErrorController:
	{ [/error]}: error(HttpServletRequest)
	{ [/error], produces [text/html]}: errorHtml(HttpServletRequest,HttpServletResponse)
2025-03-16 19:01:03 DEBUG _.s.w.s.H.Mappings:294 - 
	o.s.w.a.OpenApiWebMvcResource:
	{GET [/v3/api-docs], produces [application/json]}: openapiJson(HttpServletRequest,String,Locale)
	{GET [/v3/api-docs.yaml], produces [application/vnd.oai.openapi]}: openapiYaml(HttpServletRequest,String,Locale)
2025-03-16 19:01:03 DEBUG _.s.w.s.H.Mappings:294 - 
	o.s.w.u.SwaggerWelcomeWebMvc:
	{GET [/swagger-ui.html]}: redirectToUi(HttpServletRequest)
2025-03-16 19:01:03 DEBUG _.s.w.s.H.Mappings:294 - 
	o.s.w.u.SwaggerConfigResource:
	{GET [/v3/api-docs/swagger-config], produces [application/json]}: openapiJson(HttpServletRequest)
2025-03-16 19:01:03 DEBUG _.s.w.s.H.Mappings:86 - 'beanNameHandlerMapping' {}
2025-03-16 19:01:03 DEBUG _.s.w.s.H.Mappings:176 - 'resourceHandlerMapping' {/webjars/**=ResourceHttpRequestHandler [classpath [META-INF/resources/webjars/]], /**=ResourceHttpRequestHandler [classpath [META-INF/resources/], classpath [resources/], classpath [static/], classpath [public/], ServletContext [/]], /swagger-ui*/*swagger-initializer.js=ResourceHttpRequestHandler [classpath [META-INF/resources/webjars/]], /swagger-ui*/**=ResourceHttpRequestHandler [classpath [META-INF/resources/webjars/]]}
2025-03-16 19:01:04 INFO  c.d.r.RestoranApplication:59 - Started RestoranApplication in 5.071 seconds (process running for 5.916)
2025-03-16 19:01:54 INFO  c.d.r.c.DishController:41 - Запрос на получение блюда по ID: 2, admin
2025-03-16 19:01:54 INFO  c.d.r.s.DishService:59 - Запрос на получение блюда по ID: 2, admin
2025-03-16 19:01:54 DEBUG c.d.r.s.DishService:68 - Найдено блюдо: Dish(id=2, name=Kofe, price=9.19, description=string, available=true)
